seg_key,seg_id,freq,docfreq,start_prob,end_prob,avg_pos,mean_len,H_left,H_right,H_total,avg_pmi_left,avg_pmi_right,numeric_assoc,burstiness,idf,coll_skew,examples,assigned_comp_idx,assigned_label,post_commodity,post_title,post_proper_name,log_odds_num_adj,g2_num_adj,stability
"10,67,1",seg_00043,4,4,0.0,1.0,1.0,3.0,0.0,0.0,0.0,0.48112382741049675,0.0,1.0,0.9923076921786923,4.646312129319266,0.5,"[(64, 2), (214, 2), (364, 2), (514, 2)]",0,commodity,0.9449754020897735,0.0,0.0550245979102267,2.425296494927652,0.0,0.975609756097561
"1,21,11,70,1,33,5",seg_00050,3,3,0.0,1.0,1.0,7.0,0.0,0.0,0.0,-1.7091320806096282,0.0,1.0,0.994230769058436,4.869455680633476,0.5,"[(27, 1), (237, 1), (447, 1)]",0,commodity,0.9999999956675101,0.0,4.332490579314849e-09,2.1721539125726834,0.0,1.0
"1,3,12,26,2",seg_00051,3,3,0.0,1.0,1.0,5.0,0.0,0.0,0.0,-1.7091320806096282,0.0,1.0,0.994230769058436,4.869455680633476,0.5,"[(102, 1), (282, 1), (462, 1)]",0,commodity,0.9999999686159264,0.0,3.138407420018374e-08,2.1721539125726834,0.0,1.0
"1,3,12,38,2",seg_00052,3,3,0.0,1.0,1.0,5.0,0.0,0.0,0.0,-1.7091320806096282,0.0,1.0,0.994230769058436,4.869455680633476,0.5,"[(42, 1), (222, 1), (402, 1)]",0,commodity,0.9999999686159264,0.0,3.138407420018374e-08,2.1721539125726834,0.0,1.0
"1,3,12,56,2",seg_00053,3,3,0.0,1.0,1.0,5.0,0.0,0.0,0.0,-1.7091320806096282,0.0,1.0,0.994230769058436,4.869455680633476,0.5,"[(82, 1), (262, 1), (442, 1)]",0,commodity,0.9999999686159264,0.0,3.138407420018374e-08,2.1721539125726834,0.0,1.0
"1,41,12,26,2",seg_00054,3,3,0.0,1.0,1.0,5.0,0.0,0.0,0.0,-1.7091320806096282,0.0,1.0,0.994230769058436,4.869455680633476,0.5,"[(12, 1), (192, 1), (372, 1)]",0,commodity,0.9999999686159264,0.0,3.138407420018374e-08,2.1721539125726834,0.0,1.0
"1,41,12,51,2",seg_00055,3,3,0.0,1.0,1.0,5.0,0.0,0.0,0.0,-1.7091320806096282,0.0,1.0,0.994230769058436,4.869455680633476,0.5,"[(152, 1), (332, 1), (512, 1)]",0,commodity,0.9999999686159264,0.0,3.138407420018374e-08,2.1721539125726834,0.0,0.975609756097561
"10,2,1",seg_00056,3,3,0.0,1.0,1.0,3.0,0.0,0.0,0.0,0.48112382741049764,0.0,1.0,0.994230769058436,4.869455680633476,0.5,"[(114, 2), (264, 2), (414, 2)]",0,commodity,0.9999994059745086,0.0,5.940254908644873e-07,2.1721539125726834,0.0,1.0
"18,10,70,1",seg_00060,3,3,0.0,1.0,1.0,4.0,0.0,0.0,0.0,-0.6174884612576119,0.0,1.0,0.994230769058436,4.869455680633476,0.5,"[(74, 1), (224, 1), (374, 1)]",0,commodity,0.9999999058812366,0.0,9.411876322399787e-08,2.1721539125726834,0.0,1.0
"24,10,67,1",seg_00062,3,3,0.0,1.0,1.0,4.0,0.0,0.0,0.0,-0.6174884612576119,0.0,1.0,0.994230769058436,4.869455680633476,0.5,"[(184, 1), (334, 1), (484, 1)]",0,commodity,0.9999999058812366,0.0,9.411876322399787e-08,2.1721539125726834,0.0,1.0
"24,10,70,1",seg_00063,3,3,0.0,1.0,1.0,4.0,0.0,0.0,0.0,-0.6174884612576119,0.0,1.0,0.994230769058436,4.869455680633476,0.5,"[(134, 1), (284, 1), (434, 1)]",0,commodity,0.9999999058812366,0.0,9.411876322399787e-08,2.1721539125726834,0.0,1.0
"37,1,6,10",seg_00067,3,3,1.0,0.0,0.0,4.0,0.0,0.0,0.0,0.0,-0.2120233531494473,1.0,0.994230769058436,4.869455680633476,0.5,"[(204, 0), (354, 0), (504, 0)]",0,commodity,0.9999999999989679,1.0318986553644205e-12,0.0,2.1721539125726834,0.0,0.975609756097561
"37,1,61,10",seg_00068,3,3,1.0,0.0,0.0,4.0,0.0,0.0,0.0,0.0,-0.2120233531494473,1.0,0.994230769058436,4.869455680633476,0.5,"[(144, 0), (294, 0), (444, 0)]",0,commodity,0.9999999999989679,1.0318986553644205e-12,0.0,2.1721539125726834,0.0,1.0
"6,10,67,1",seg_00074,3,3,0.0,1.0,1.0,4.0,0.0,0.0,0.0,-0.6174884612576119,0.0,1.0,0.994230769058436,4.869455680633476,0.5,"[(4, 1), (154, 1), (304, 1)]",0,commodity,0.9999999058812366,0.0,9.411876322399787e-08,2.1721539125726834,0.0,1.0
"61,10,70,1",seg_00076,3,3,0.0,1.0,1.0,4.0,0.0,0.0,0.0,-0.6174884612576119,0.0,1.0,0.994230769058436,4.869455680633476,0.5,"[(44, 1), (194, 1), (344, 1)]",0,commodity,0.9999999058812366,0.0,9.411876322399787e-08,2.1721539125726834,0.0,1.0
"1,21,11,2,1,33,5",seg_00080,2,2,0.0,1.0,1.0,7.0,0.0,0.0,0.0,-1.709132080609629,0.0,1.0,0.9961538458948462,5.157137753085257,0.5,"[(97, 1), (517, 1)]",0,commodity,0.9999999999954063,0.0,4.594610794033797e-12,1.8338568579268413,0.0,1.0
"1,21,11,67,1,33,5",seg_00081,2,2,0.0,1.0,1.0,7.0,0.0,0.0,0.0,-1.709132080609629,0.0,1.0,0.9961538458948462,5.157137753085257,0.5,"[(167, 1), (377, 1)]",0,commodity,0.9999999999954063,0.0,4.594610794033797e-12,1.8338568579268413,0.0,1.0
"1,3,12,25,2",seg_00082,2,2,0.0,1.0,1.0,5.0,0.0,0.0,0.0,-1.709132080609629,0.0,1.0,0.9961538458948465,5.157137753085257,0.5,"[(2, 1), (182, 1)]",0,commodity,0.9999999999667182,0.0,3.3282844437330675e-11,1.8338568579268413,0.0,1.0
"1,3,12,27,2",seg_00083,2,2,0.0,1.0,1.0,5.0,0.0,0.0,0.0,-1.709132080609629,0.0,1.0,0.9961538458948462,5.157137753085257,0.5,"[(22, 1), (382, 1)]",0,commodity,0.9999999999667182,0.0,3.328284443733588e-11,1.8338568579268413,0.0,1.0
"1,3,12,28,2",seg_00084,2,2,0.0,1.0,1.0,5.0,0.0,0.0,0.0,-1.709132080609629,0.0,1.0,0.9961538458948462,5.157137753085257,0.5,"[(122, 1), (302, 1)]",0,commodity,0.9999999999667182,0.0,3.328284443733588e-11,1.8338568579268413,0.0,1.0
"1,3,12,44,2",seg_00085,2,2,0.0,1.0,1.0,5.0,0.0,0.0,0.0,-1.709132080609629,0.0,1.0,0.9961538458948462,5.157137753085257,0.5,"[(322, 1), (502, 1)]",0,commodity,0.9999999999667182,0.0,3.328284443733588e-11,1.8338568579268413,0.0,0.975609756097561
"1,3,12,46,5",seg_00086,2,2,0.0,1.0,1.0,5.0,0.0,0.0,0.0,-1.709132080609629,0.0,1.0,0.9961538458948465,5.157137753085257,0.5,"[(1, 1), (301, 1)]",0,commodity,0.9999999999667182,0.0,3.3282844437330675e-11,1.8338568579268413,0.0,1.0
"1,3,12,51,2",seg_00087,2,2,0.0,1.0,1.0,5.0,0.0,0.0,0.0,-1.709132080609629,0.0,1.0,0.9961538458948462,5.157137753085257,0.5,"[(242, 1), (422, 1)]",0,commodity,0.9999999999667182,0.0,3.328284443733588e-11,1.8338568579268413,0.0,1.0
"1,41,12,25,2",seg_00088,2,2,0.0,1.0,1.0,5.0,0.0,0.0,0.0,-1.709132080609629,0.0,1.0,0.9961538458948462,5.157137753085257,0.5,"[(92, 1), (452, 1)]",0,commodity,0.9999999999667182,0.0,3.328284443733588e-11,1.8338568579268413,0.0,1.0
"1,41,12,27,2",seg_00089,2,2,0.0,1.0,1.0,5.0,0.0,0.0,0.0,-1.709132080609629,0.0,1.0,0.9961538458948462,5.157137753085257,0.5,"[(112, 1), (292, 1)]",0,commodity,0.9999999999667182,0.0,3.328284443733588e-11,1.8338568579268413,0.0,1.0
"1,41,12,28,2",seg_00090,2,2,0.0,1.0,1.0,5.0,0.0,0.0,0.0,-1.709132080609629,0.0,1.0,0.9961538458948462,5.157137753085257,0.5,"[(212, 1), (392, 1)]",0,commodity,0.9999999999667182,0.0,3.328284443733588e-11,1.8338568579268413,0.0,1.0
"1,41,12,38,2",seg_00091,2,2,0.0,1.0,1.0,5.0,0.0,0.0,0.0,-1.709132080609629,0.0,1.0,0.9961538458948462,5.157137753085257,0.5,"[(312, 1), (492, 1)]",0,commodity,0.9999999999667182,0.0,3.328284443733588e-11,1.8338568579268413,0.0,0.975609756097561
"1,41,12,44,2",seg_00092,2,2,0.0,1.0,1.0,5.0,0.0,0.0,0.0,-1.709132080609629,0.0,1.0,0.9961538458948462,5.157137753085257,0.5,"[(52, 1), (232, 1)]",0,commodity,0.9999999999667182,0.0,3.328284443733588e-11,1.8338568579268413,0.0,1.0
"1,41,12,52,2",seg_00093,2,2,0.0,1.0,1.0,5.0,0.0,0.0,0.0,-1.709132080609629,0.0,1.0,0.9961538458948462,5.157137753085257,0.5,"[(72, 1), (432, 1)]",0,commodity,0.9999999999667182,0.0,3.328284443733588e-11,1.8338568579268413,0.0,1.0
"1,41,12,56,2",seg_00094,2,2,0.0,1.0,1.0,5.0,0.0,0.0,0.0,-1.709132080609629,0.0,1.0,0.9961538458948462,5.157137753085257,0.5,"[(172, 1), (352, 1)]",0,commodity,0.9999999999667182,0.0,3.328284443733588e-11,1.8338568579268413,0.0,1.0
"13,8",seg_00095,2,2,0.0,1.0,1.0,2.0,0.0,0.0,0.0,0.5456623485480678,0.0,1.0,0.9961538458948462,5.157137753085257,0.5,"[(220, 3), (420, 3)]",0,commodity,0.9999999977154932,0.0,2.284506623317119e-09,1.8338568579268413,0.0,1.0
"18,10,67,1",seg_00098,2,2,0.0,1.0,1.0,4.0,0.0,0.0,0.0,-0.6174884612576128,0.0,1.0,0.9961538458948461,5.157137753085257,0.5,"[(124, 1), (424, 1)]",0,commodity,0.9999999999001865,0.0,9.981305586230098e-11,1.8338568579268413,0.0,1.0
"19,13,61,10",seg_00100,2,2,1.0,0.0,0.0,4.0,0.0,0.0,0.0,0.0,1.461953080422223,1.0,0.9961538458948463,5.157137753085257,0.5,"[(171, 0), (471, 0)]",0,commodity,0.999999999999984,1.5594002206254766e-14,0.0,1.8338568579268413,0.0,1.0
"34,13,3,12",seg_00103,2,2,1.0,0.0,0.0,4.0,0.0,0.0,0.0,0.0,-0.14748483201187712,1.0,0.9961538458948462,5.157137753085257,0.5,"[(101, 0), (401, 0)]",0,commodity,1.0,1.1312343952457482e-15,0.0,1.8338568579268413,0.0,0.975609756097561
"35,13,23,10",seg_00105,2,2,1.0,0.0,0.0,4.0,0.0,0.0,0.0,0.0,1.461953080422223,1.0,0.9961538458948462,5.157137753085257,0.5,"[(31, 0), (331, 0)]",0,commodity,0.999999999999984,1.5594002206255877e-14,0.0,1.8338568579268413,0.0,1.0
"37,1,24,10",seg_00108,2,2,1.0,0.0,0.0,4.0,0.0,0.0,0.0,0.0,-0.2120233531494482,1.0,0.9961538458948462,5.157137753085257,0.5,"[(84, 0), (234, 0)]",0,commodity,1.0,1.1431515253910356e-15,0.0,1.8338568579268413,0.0,1.0
"4,12,47,5",seg_00110,2,2,0.0,1.0,1.0,4.0,0.0,0.0,0.0,-1.709132080609629,0.0,1.0,0.9961538458948465,5.157137753085257,0.5,"[(9, 2), (309, 2)]",0,commodity,0.9999999999008473,0.0,9.915306620320781e-11,1.8338568579268413,0.0,1.0
"43,14,48,5",seg_00111,2,2,0.0,1.0,1.0,4.0,0.0,0.0,0.0,-1.709132080609629,0.0,1.0,0.9961538458948465,5.157137753085257,0.5,"[(151, 2), (451, 2)]",0,commodity,0.9999999999008473,0.0,9.915306620320781e-11,1.8338568579268413,0.0,1.0
"6,10,70,1",seg_00118,2,2,0.0,1.0,1.0,4.0,0.0,0.0,0.0,-0.6174884612576128,0.0,1.0,0.9961538458948462,5.157137753085257,0.5,"[(254, 1), (404, 1)]",0,commodity,0.9999999999001865,0.0,9.981305586229319e-11,1.8338568579268413,0.0,1.0
"61,10,67,1",seg_00121,2,2,0.0,1.0,1.0,4.0,0.0,0.0,0.0,-0.6174884612576128,0.0,1.0,0.9961538458948462,5.157137753085257,0.5,"[(94, 1), (394, 1)]",0,commodity,0.9999999999001865,0.0,9.981305586229319e-11,1.8338568579268413,0.0,0.975609756097561
"64,13,3,12",seg_00122,2,2,1.0,0.0,0.0,4.0,0.0,0.0,0.0,0.0,-0.14748483201187712,1.0,0.9961538458948462,5.157137753085257,0.5,"[(201, 0), (501, 0)]",0,commodity,1.0,1.1312343952457482e-15,0.0,1.8338568579268413,0.0,1.0
"77,9,57,10",seg_00128,2,2,1.0,0.0,0.0,4.0,0.0,0.0,0.0,0.0,-0.14748483201187712,1.0,0.9961538458948462,5.157137753085257,0.5,"[(61, 0), (361, 0)]",0,commodity,1.0,1.1312343952457482e-15,0.0,1.8338568579268413,0.0,1.0
"1,21,11,2,1,33,5,46,5",seg_00132,1,1,0.0,1.0,1.0,9.0,0.0,0.0,0.0,-1.7091320806096282,0.0,1.0,0.9980769225579226,5.5626028611934215,0.5,"[(307, 1)]",0,commodity,0.999999999999778,0.0,2.2223709237065665e-13,1.3212097400324594,0.0,1.0
"1,3,12,25,2,46,5",seg_00134,1,1,0.0,1.0,1.0,7.0,0.0,0.0,0.0,-1.7091320806096282,0.0,1.0,0.9980769225579229,5.5626028611934215,0.5,"[(362, 1)]",0,commodity,0.9999999999987708,0.0,1.2279724549879557e-12,1.3212097400324594,0.0,1.0
"1,3,12,27,2,33,5",seg_00135,1,1,0.0,1.0,1.0,7.0,0.0,0.0,0.0,-1.7091320806096282,0.0,1.0,0.9980769225579227,5.5626028611934215,0.5,"[(202, 1)]",0,commodity,0.9999999999987708,0.0,1.2279724549878509e-12,1.3212097400324594,0.0,1.0
"1,3,12,28,2,33,5",seg_00136,1,1,0.0,1.0,1.0,7.0,0.0,0.0,0.0,-1.7091320806096282,0.0,1.0,0.9980769225579228,5.5626028611934215,0.5,"[(482, 1)]",0,commodity,0.9999999999987708,0.0,1.227972454987899e-12,1.3212097400324594,0.0,1.0
"1,3,12,44,2,46,5",seg_00137,1,1,0.0,1.0,1.0,7.0,0.0,0.0,0.0,-1.7091320806096282,0.0,1.0,0.9980769225579222,5.5626028611934215,0.5,"[(142, 1)]",0,commodity,0.9999999999987708,0.0,1.2279724549876328e-12,1.3212097400324594,0.0,1.0
"1,3,12,51,2,33,5",seg_00138,1,1,0.0,1.0,1.0,7.0,0.0,0.0,0.0,-1.7091320806096282,0.0,1.0,0.9980769225579226,5.5626028611934215,0.5,"[(62, 1)]",0,commodity,0.9999999999987708,0.0,1.22797245498779e-12,1.3212097400324594,0.0,1.0
"1,3,12,52,2",seg_00139,1,1,0.0,1.0,1.0,5.0,0.0,0.0,0.0,-1.7091320806096282,0.0,1.0,0.9980769225579225,5.5626028611934215,0.5,"[(162, 1)]",0,commodity,0.999999999991104,0.0,8.895294514743356e-12,1.3212097400324594,0.0,0.975609756097561
"1,3,12,52,2,33,5",seg_00140,1,1,0.0,1.0,1.0,7.0,0.0,0.0,0.0,-1.7091320806096282,0.0,1.0,0.9980769225579227,5.5626028611934215,0.5,"[(342, 1)]",0,commodity,0.9999999999987708,0.0,1.2279724549878509e-12,1.3212097400324594,0.0,1.0
"1,41,12,25,2,33,5",seg_00141,1,1,0.0,1.0,1.0,7.0,0.0,0.0,0.0,-1.7091320806096282,0.0,1.0,0.9980769225579224,5.5626028611934215,0.5,"[(272, 1)]",0,commodity,0.9999999999987708,0.0,1.2279724549876853e-12,1.3212097400324594,0.0,1.0
"1,41,12,27,2,46,5",seg_00142,1,1,0.0,1.0,1.0,7.0,0.0,0.0,0.0,-1.7091320806096282,0.0,1.0,0.9980769225579227,5.5626028611934215,0.5,"[(472, 1)]",0,commodity,0.9999999999987708,0.0,1.2279724549878509e-12,1.3212097400324594,0.0,1.0
"1,41,12,28,2,46,5",seg_00143,1,1,0.0,1.0,1.0,7.0,0.0,0.0,0.0,-1.7091320806096282,0.0,1.0,0.9980769225579225,5.5626028611934215,0.5,"[(32, 1)]",0,commodity,0.9999999999987708,0.0,1.2279724549877418e-12,1.3212097400324594,0.0,1.0
"1,41,12,38,2,33,5",seg_00144,1,1,0.0,1.0,1.0,7.0,0.0,0.0,0.0,-1.7091320806096282,0.0,1.0,0.9980769225579222,5.5626028611934215,0.5,"[(132, 1)]",0,commodity,0.9999999999987708,0.0,1.2279724549876328e-12,1.3212097400324594,0.0,1.0
"1,41,12,44,2,33,5",seg_00145,1,1,0.0,1.0,1.0,7.0,0.0,0.0,0.0,-1.7091320806096282,0.0,1.0,0.9980769225579228,5.5626028611934215,0.5,"[(412, 1)]",0,commodity,0.9999999999987708,0.0,1.227972454987899e-12,1.3212097400324594,0.0,0.975609756097561
"1,41,12,52,2,46,5",seg_00146,1,1,0.0,1.0,1.0,7.0,0.0,0.0,0.0,-1.7091320806096282,0.0,1.0,0.998076922557923,5.5626028611934215,0.5,"[(252, 1)]",0,commodity,0.9999999999987708,0.0,1.227972454988008e-12,1.3212097400324594,0.0,1.0
"10,10,37,1,66,12",seg_00147,1,1,1.0,0.0,0.0,6.0,0.0,0.0,0.0,0.0,-0.35720536299394556,1.0,0.9980769225579222,5.5626028611934215,0.5,"[(258, 0)]",0,commodity,1.0,1.4130984157015215e-17,0.0,1.3212097400324594,0.0,1.0
"10,48,5,33,5",seg_00148,1,1,0.0,1.0,1.0,5.0,0.0,0.0,0.0,1.3078024005949658,0.0,1.0,0.9980769225579229,5.5626028611934215,0.5,"[(111, 2)]",0,commodity,0.9999999999536335,0.0,4.636574883620312e-11,1.3212097400324594,0.0,1.0
"10,53,5,33,5",seg_00149,1,1,0.0,1.0,1.0,5.0,0.0,0.0,0.0,0.48112382741049764,0.0,1.0,0.9980769225579229,5.5626028611934215,0.5,"[(419, 2)]",0,commodity,0.999999999982272,0.0,1.772903108892981e-11,1.3212097400324594,0.0,1.0
"10,70,1,33,5",seg_00151,1,1,0.0,1.0,1.0,5.0,0.0,0.0,0.0,0.48112382741049764,0.0,1.0,0.9980769225579226,5.5626028611934215,0.5,"[(314, 2)]",0,commodity,0.999999999982272,0.0,1.7729031088927415e-11,1.3212097400324594,0.0,0.975609756097561
"13,8,20,12,33,5,46,5",seg_00152,1,1,0.0,1.0,1.0,8.0,0.0,0.0,0.0,0.30927357048383897,0.0,1.0,0.9980769225579228,5.5626028611934215,0.5,"[(230, 1)]",0,commodity,0.9999999999991349,0.0,8.649332273963468e-13,1.3212097400324594,0.0,1.0
"13,8,33,5",seg_00153,1,1,0.0,1.0,1.0,4.0,0.0,0.0,0.0,0.5456623485480687,0.0,1.0,0.9980769225579224,5.5626028611934215,0.5,"[(20, 3)]",0,commodity,0.9999999999438494,0.0,5.6151475233981083e-11,1.3212097400324594,0.0,1.0
"13,8,4,12,46,5",seg_00154,1,1,0.0,1.0,1.0,6.0,0.0,0.0,0.0,1.4619530804222238,0.0,1.0,0.9980769225579228,5.5626028611934215,0.5,"[(406, 1)]",0,commodity,0.9999999999792113,0.0,2.0788457040530345e-11,1.3212097400324594,0.0,1.0
"17,10,37,1,20,12",seg_00155,1,1,1.0,0.0,0.0,6.0,0.0,0.0,0.0,0.0,-0.35720536299394556,1.0,0.9980769225579227,5.5626028611934215,0.5,"[(468, 0)]",0,commodity,1.0,1.4130984157018025e-17,0.0,1.3212097400324594,0.0,1.0
"17,10,37,1,66,12",seg_00156,1,1,1.0,0.0,0.0,6.0,0.0,0.0,0.0,0.0,-0.35720536299394556,1.0,0.9980769225579229,5.5626028611934215,0.5,"[(118, 0)]",0,commodity,1.0,1.4130984157019434e-17,0.0,1.3212097400324594,0.0,1.0
"18,10,47,5,46,5",seg_00157,1,1,0.0,1.0,1.0,6.0,0.0,0.0,0.0,0.11821833372112955,0.0,1.0,0.9980769225579227,5.5626028611934215,0.5,"[(329, 1)]",0,commodity,0.9999999999952855,0.0,4.714280893453759e-12,1.3212097400324594,0.0,0.975609756097561
"19,13,29,8",seg_00158,1,1,1.0,0.0,0.0,4.0,0.0,0.0,0.0,0.0,2.560565369090334,1.0,0.9980769225579225,5.5626028611934215,0.5,"[(40, 0)]",0,commodity,0.9999999999992859,7.140701132327115e-13,0.0,1.3212097400324594,0.0,1.0
"19,13,36,8",seg_00159,1,1,1.0,0.0,0.0,4.0,0.0,0.0,0.0,0.0,1.6442746372161787,1.0,0.9980769225579226,5.5626028611934215,0.5,"[(49, 0)]",0,commodity,0.9999999999999911,9.406346612446148e-15,0.0,1.3212097400324594,0.0,1.0
"19,13,36,8,47,5",seg_00160,1,1,1.0,0.0,0.0,6.0,0.0,0.0,0.0,0.0,-0.35720536299394556,1.0,0.9980769225579228,5.5626028611934215,0.5,"[(349, 0)]",0,commodity,1.0,1.413098415701863e-17,0.0,1.3212097400324594,0.0,1.0
"19,13,43,14,2",seg_00161,1,1,1.0,0.0,0.0,5.0,0.0,0.0,0.0,0.0,-1.7091320806096282,1.0,0.9980769225579225,5.5626028611934215,0.5,"[(45, 0)]",0,commodity,0.9999999999999982,1.1183801210929072e-15,0.0,1.3212097400324594,0.0,1.0
"19,13,54,14,2,1",seg_00163,1,1,1.0,0.0,0.0,6.0,0.0,0.0,0.0,0.0,-0.35720536299394556,1.0,0.9980769225579227,5.5626028611934215,0.5,"[(195, 0)]",0,commodity,1.0,1.4130984157018025e-17,0.0,1.3212097400324594,0.0,0.975609756097561
"19,13,66,12",seg_00164,1,1,1.0,0.0,0.0,4.0,0.0,0.0,0.0,0.0,-0.2120233531494473,1.0,0.9980769225579228,5.5626028611934215,0.5,"[(495, 0)]",0,commodity,1.0,3.610552387815129e-16,0.0,1.3212097400324594,0.0,1.0
"19,13,68,14,29,8",seg_00165,1,1,1.0,0.0,0.0,6.0,0.0,0.0,0.0,0.0,-0.14748483201187623,1.0,0.9980769225579227,5.5626028611934215,0.5,"[(340, 0)]",0,commodity,1.0,1.3219761978459858e-17,0.0,1.3212097400324594,0.0,1.0
"23,10,37,1,20,12",seg_00169,1,1,1.0,0.0,0.0,6.0,0.0,0.0,0.0,0.0,-0.35720536299394556,1.0,0.9980769225579227,5.5626028611934215,0.5,"[(328, 0)]",0,commodity,1.0,1.4130984157018025e-17,0.0,1.3212097400324594,0.0,0.975609756097561
"32,8,4,12,46,5",seg_00176,1,1,0.0,1.0,1.0,6.0,0.0,0.0,0.0,-0.6174884612576119,0.0,1.0,0.9980769225579226,5.5626028611934215,0.5,"[(186, 1)]",0,commodity,0.9999999999967848,0.0,3.2162939084766893e-12,1.3212097400324594,0.0,1.0
"32,8,41,12,46,5",seg_00177,1,1,0.0,1.0,1.0,6.0,0.0,0.0,0.0,-1.7091320806096282,0.0,1.0,0.9980769225579226,5.5626028611934215,0.5,"[(450, 2)]",0,commodity,0.9999999999968061,0.0,3.1950269439299215e-12,1.3212097400324594,0.0,1.0
"32,8,46,5,46,5",seg_00178,1,1,0.0,1.0,1.0,6.0,0.0,0.0,0.0,0.20919011192685577,0.0,1.0,0.9980769225579229,5.5626028611934215,0.5,"[(241, 1)]",0,commodity,0.9999999999949516,0.0,5.048120902431699e-12,1.3212097400324594,0.0,1.0
"34,13,32,8",seg_00180,1,1,1.0,0.0,0.0,4.0,0.0,0.0,0.0,0.0,1.174271007970443,1.0,0.9980769225579226,5.5626028611934215,0.5,"[(50, 0)]",0,commodity,0.9999999999999982,2.0508399608304027e-15,0.0,1.3212097400324594,0.0,1.0
"34,13,4,12",seg_00181,1,1,1.0,0.0,0.0,4.0,0.0,0.0,0.0,0.0,1.6442746372161787,1.0,0.9980769225579229,5.5626028611934215,0.5,"[(509, 0)]",0,commodity,0.9999999999999911,9.40634661244755e-15,0.0,1.3212097400324594,0.0,0.975609756097561
"34,13,4,12,47,5",seg_00182,1,1,1.0,0.0,0.0,6.0,0.0,0.0,0.0,0.0,-0.35720536299394556,1.0,0.9980769225579227,5.5626028611934215,0.5,"[(209, 0)]",0,commodity,1.0,1.4130984157018025e-17,0.0,1.3212097400324594,0.0,1.0
"34,13,43,14,48,5",seg_00183,1,1,1.0,0.0,0.0,6.0,0.0,0.0,0.0,0.0,-0.35720536299394556,1.0,0.998076922557923,5.5626028611934215,0.5,"[(251, 0)]",0,commodity,1.0,1.4130984157020034e-17,0.0,1.3212097400324594,0.0,1.0
"34,13,49,14,67,1",seg_00184,1,1,1.0,0.0,0.0,6.0,0.0,0.0,0.0,0.0,-0.35720536299394556,1.0,0.9980769225579226,5.5626028611934215,0.5,"[(55, 0)]",0,commodity,1.0,1.4130984157017323e-17,0.0,1.3212097400324594,0.0,1.0
"34,13,54,14,2",seg_00185,1,1,1.0,0.0,0.0,5.0,0.0,0.0,0.0,0.0,-1.7091320806096282,1.0,0.9980769225579229,5.5626028611934215,0.5,"[(500, 0)]",0,commodity,0.9999999999999982,1.1183801210931218e-15,0.0,1.3212097400324594,0.0,1.0
"34,13,68,14,67,1",seg_00188,1,1,1.0,0.0,0.0,6.0,0.0,0.0,0.0,0.0,-0.14748483201187623,1.0,0.9980769225579229,5.5626028611934215,0.5,"[(505, 0)]",0,commodity,1.0,1.3219761978461174e-17,0.0,1.3212097400324594,0.0,1.0
"34,13,7,9",seg_00189,1,1,1.0,0.0,0.0,4.0,0.0,0.0,0.0,0.0,-0.2120233531494473,1.0,0.9980769225579227,5.5626028611934215,0.5,"[(200, 0)]",0,commodity,1.0,3.6105523878149745e-16,0.0,1.3212097400324594,0.0,1.0
"34,13,75,14",seg_00190,1,1,1.0,0.0,0.0,4.0,0.0,0.0,0.0,0.0,1.174271007970443,1.0,0.9980769225579228,5.5626028611934215,0.5,"[(350, 0)]",0,commodity,0.9999999999999982,2.0508399608306067e-15,0.0,1.3212097400324594,0.0,1.0
"35,13,54,14,70,1",seg_00192,1,1,1.0,0.0,0.0,6.0,0.0,0.0,0.0,0.0,-0.14748483201187623,1.0,0.9980769225579227,5.5626028611934215,0.5,"[(65, 0)]",0,commodity,1.0,1.3219761978459858e-17,0.0,1.3212097400324594,0.0,1.0
"35,13,59,14,47,5",seg_00193,1,1,1.0,0.0,0.0,6.0,0.0,0.0,0.0,0.0,-0.35720536299394556,1.0,0.9980769225579227,5.5626028611934215,0.5,"[(69, 0)]",0,commodity,1.0,1.4130984157018025e-17,0.0,1.3212097400324594,0.0,0.975609756097561
"35,13,59,14,6,10",seg_00194,1,1,1.0,0.0,0.0,6.0,0.0,0.0,0.0,0.0,-0.35720536299394556,1.0,0.9980769225579229,5.5626028611934215,0.5,"[(510, 0)]",0,commodity,1.0,1.4130984157019434e-17,0.0,1.3212097400324594,0.0,1.0
"35,13,8,9",seg_00198,1,1,1.0,0.0,0.0,4.0,0.0,0.0,0.0,0.0,2.560565369090334,1.0,0.9980769225579227,5.5626028611934215,0.5,"[(210, 0)]",0,commodity,0.9999999999992859,7.140701132327801e-13,0.0,1.3212097400324594,0.0,1.0
"36,8,65,12,33,5,46,5",seg_00199,1,1,0.0,1.0,1.0,8.0,0.0,0.0,0.0,-1.7091320806096282,0.0,1.0,0.9980769225579227,5.5626028611934215,0.5,"[(76, 2)]",0,commodity,0.9999999999994955,0.0,5.050130865491375e-13,1.3212097400324594,0.0,0.975609756097561
"37,1,18,10,2,1",seg_00201,1,1,1.0,0.0,0.0,6.0,0.0,0.0,0.0,0.0,-0.35720536299394556,1.0,0.9980769225579225,5.5626028611934215,0.5,"[(174, 0)]",0,commodity,1.0,1.413098415701662e-17,0.0,1.3212097400324594,0.0,1.0
"37,1,18,10,67,1",seg_00202,1,1,1.0,0.0,0.0,6.0,0.0,0.0,0.0,0.0,-0.14748483201187623,1.0,0.9980769225579224,5.5626028611934215,0.5,"[(274, 0)]",0,commodity,1.0,1.321976197845798e-17,0.0,1.3212097400324594,0.0,1.0
"37,1,24,10,67,1",seg_00204,1,1,1.0,0.0,0.0,6.0,0.0,0.0,0.0,0.0,-0.35720536299394556,1.0,0.9980769225579225,5.5626028611934215,0.5,"[(34, 0)]",0,commodity,1.0,1.413098415701662e-17,0.0,1.3212097400324594,0.0,1.0
"37,1,6,10,2,1",seg_00205,1,1,1.0,0.0,0.0,6.0,0.0,0.0,0.0,0.0,-0.14748483201187623,1.0,0.9980769225579226,5.5626028611934215,0.5,"[(54, 0)]",0,commodity,1.0,1.32197619784592e-17,0.0,1.3212097400324594,0.0,0.975609756097561
"37,1,6,10,67,1",seg_00206,1,1,1.0,0.0,0.0,6.0,0.0,0.0,0.0,0.0,-0.35720536299394556,1.0,0.9980769225579226,5.5626028611934215,0.5,"[(454, 0)]",0,commodity,1.0,1.4130984157017323e-17,0.0,1.3212097400324594,0.0,1.0
"37,1,6,10,70,1",seg_00207,1,1,1.0,0.0,0.0,6.0,0.0,0.0,0.0,0.0,-0.35720536299394556,1.0,0.9980769225579229,5.5626028611934215,0.5,"[(104, 0)]",0,commodity,1.0,1.4130984157019434e-17,0.0,1.3212097400324594,0.0,1.0
"37,1,61,10,67,1",seg_00208,1,1,1.0,0.0,0.0,6.0,0.0,0.0,0.0,0.0,-0.35720536299394556,1.0,0.9980769225579229,5.5626028611934215,0.5,"[(244, 0)]",0,commodity,1.0,1.4130984157019434e-17,0.0,1.3212097400324594,0.0,1.0
"37,1,61,10,70,1",seg_00209,1,1,1.0,0.0,0.0,6.0,0.0,0.0,0.0,0.0,-0.14748483201187623,1.0,0.9980769225579228,5.5626028611934215,0.5,"[(494, 0)]",0,commodity,1.0,1.3219761978460516e-17,0.0,1.3212097400324594,0.0,1.0
"39,9,32,8,46,5",seg_00210,1,1,1.0,0.0,0.0,6.0,0.0,0.0,0.0,0.0,-0.35720536299394556,1.0,0.9980769225579225,5.5626028611934215,0.5,"[(41, 0)]",0,commodity,1.0,1.413098415701662e-17,0.0,1.3212097400324594,0.0,1.0
"39,9,39,9",seg_00211,1,1,1.0,0.0,0.0,4.0,0.0,0.0,0.0,0.0,-0.2120233531494473,1.0,0.9980769225579225,5.5626028611934215,0.5,"[(33, 0)]",0,commodity,1.0,3.6105523878146156e-16,0.0,1.3212097400324594,0.0,0.975609756097561
"54,14,2,1,33,5",seg_00218,1,1,0.0,1.0,1.0,6.0,0.0,0.0,0.0,-1.7091320806096282,0.0,1.0,0.9980769225579225,5.5626028611934215,0.5,"[(300, 2)]",0,commodity,0.9999999999968061,0.0,3.1950269439297854e-12,1.3212097400324594,0.0,1.0
"54,14,67,1",seg_00219,1,1,0.0,1.0,1.0,4.0,0.0,0.0,0.0,0.11821833372112955,0.0,1.0,0.9980769225579227,5.5626028611934215,0.5,"[(325, 1)]",0,commodity,0.9999999999608988,0.0,3.91009200272161e-11,1.3212097400324594,0.0,1.0
"57,10,37,1,20,12",seg_00220,1,1,1.0,0.0,0.0,6.0,0.0,0.0,0.0,0.0,-0.35720536299394556,1.0,0.9980769225579226,5.5626028611934215,0.5,"[(188, 0)]",0,commodity,1.0,1.4130984157017323e-17,0.0,1.3212097400324594,0.0,1.0
"57,10,46,5",seg_00221,1,1,0.0,1.0,1.0,4.0,0.0,0.0,0.0,-0.6174884612576119,0.0,1.0,0.9980769225579222,5.5626028611934215,0.5,"[(261, 1)]",0,commodity,0.9999999999733227,0.0,2.6676401712795016e-11,1.3212097400324594,0.0,1.0
"60,14,13,8",seg_00225,1,1,0.0,1.0,1.0,4.0,0.0,0.0,0.0,0.11821833372112955,0.0,1.0,0.9980769225579227,5.5626028611934215,0.5,"[(320, 1)]",0,commodity,0.9999999999608988,0.0,3.91009200272161e-11,1.3212097400324594,0.0,1.0
"60,14,70,1",seg_00227,1,1,0.0,1.0,1.0,4.0,0.0,0.0,0.0,1.4619530804222238,0.0,1.0,0.9980769225579227,5.5626028611934215,0.5,"[(215, 1)]",0,commodity,0.9999999998275779,0.0,1.7242243610565764e-10,1.3212097400324594,0.0,1.0
"62,9,29,8,65,12",seg_00228,1,1,1.0,0.0,0.0,6.0,0.0,0.0,0.0,0.0,-0.35720536299394556,1.0,0.9980769225579229,5.5626028611934215,0.5,"[(496, 0)]",0,commodity,1.0,1.4130984157019434e-17,0.0,1.3212097400324594,0.0,1.0
"62,9,43,14,67,1",seg_00229,1,1,1.0,0.0,0.0,6.0,0.0,0.0,0.0,0.0,-0.14748483201187623,1.0,0.9980769225579225,5.5626028611934215,0.5,"[(43, 0)]",0,commodity,1.0,1.3219761978458544e-17,0.0,1.3212097400324594,0.0,0.975609756097561
"62,9,49,14,70,1",seg_00230,1,1,1.0,0.0,0.0,6.0,0.0,0.0,0.0,0.0,-0.35720536299394556,1.0,0.9980769225579228,5.5626028611934215,0.5,"[(90, 0)]",0,commodity,1.0,1.413098415701863e-17,0.0,1.3212097400324594,0.0,1.0
"62,9,54,14,67,1",seg_00231,1,1,1.0,0.0,0.0,6.0,0.0,0.0,0.0,0.0,-0.35720536299394556,1.0,0.9980769225579228,5.5626028611934215,0.5,"[(223, 0)]",0,commodity,1.0,1.413098415701863e-17,0.0,1.3212097400324594,0.0,1.0
"64,13,32,8",seg_00232,1,1,1.0,0.0,0.0,4.0,0.0,0.0,0.0,0.0,1.174271007970443,1.0,0.998076922557923,5.5626028611934215,0.5,"[(250, 0)]",0,commodity,0.9999999999999982,2.0508399608308106e-15,0.0,1.3212097400324594,0.0,1.0
"64,13,32,8,4,12",seg_00233,1,1,1.0,0.0,0.0,6.0,0.0,0.0,0.0,0.0,-0.35720536299394556,1.0,0.9980769225579229,5.5626028611934215,0.5,"[(426, 0)]",0,commodity,1.0,1.4130984157019434e-17,0.0,1.3212097400324594,0.0,1.0
"64,13,43,14",seg_00234,1,1,1.0,0.0,0.0,4.0,0.0,0.0,0.0,0.0,1.4619530804222238,1.0,0.9980769225579226,5.5626028611934215,0.5,"[(51, 0)]",0,commodity,0.9999999999999947,4.925240499690336e-15,0.0,1.3212097400324594,0.0,1.0
"64,13,43,14,48,5",seg_00235,1,1,1.0,0.0,0.0,6.0,0.0,0.0,0.0,0.0,-0.14748483201187623,1.0,0.9980769225579228,5.5626028611934215,0.5,"[(351, 0)]",0,commodity,1.0,1.3219761978460516e-17,0.0,1.3212097400324594,0.0,0.975609756097561
"64,13,54,14,2",seg_00236,1,1,1.0,0.0,0.0,5.0,0.0,0.0,0.0,0.0,-1.7091320806096282,1.0,0.9980769225579228,5.5626028611934215,0.5,"[(100, 0)]",0,commodity,0.9999999999999982,1.1183801210930662e-15,0.0,1.3212097400324594,0.0,1.0
"64,13,66,12",seg_00237,1,1,1.0,0.0,0.0,4.0,0.0,0.0,0.0,0.0,-0.2120233531494473,1.0,0.9980769225579229,5.5626028611934215,0.5,"[(105, 0)]",0,commodity,1.0,3.610552387815334e-16,0.0,1.3212097400324594,0.0,1.0
"64,13,7,9",seg_00238,1,1,1.0,0.0,0.0,4.0,0.0,0.0,0.0,0.0,-0.2120233531494473,1.0,0.9980769225579228,5.5626028611934215,0.5,"[(400, 0)]",0,commodity,1.0,3.610552387815129e-16,0.0,1.3212097400324594,0.0,1.0
"64,13,75,14,2",seg_00239,1,1,1.0,0.0,0.0,5.0,0.0,0.0,0.0,0.0,-1.7091320806096282,1.0,0.998076922557923,5.5626028611934215,0.5,"[(255, 0)]",0,commodity,0.9999999999999982,1.1183801210931774e-15,0.0,1.3212097400324594,0.0,1.0
"7,9,43,14,2,1",seg_00243,1,1,1.0,0.0,0.0,6.0,0.0,0.0,0.0,0.0,-0.35720536299394556,1.0,0.9980769225579229,5.5626028611934215,0.5,"[(363, 0)]",0,commodity,1.0,1.4130984157019434e-17,0.0,1.3212097400324594,0.0,1.0
"7,9,62,9",seg_00244,1,1,1.0,0.0,0.0,4.0,0.0,0.0,0.0,0.0,-0.2120233531494473,1.0,0.9980769225579228,5.5626028611934215,0.5,"[(93, 0)]",0,commodity,1.0,3.610552387815129e-16,0.0,1.3212097400324594,0.0,1.0
"72,10,37,1,20,12",seg_00245,1,1,1.0,0.0,0.0,6.0,0.0,0.0,0.0,0.0,-0.35720536299394556,1.0,0.9980769225579226,5.5626028611934215,0.5,"[(48, 0)]",0,commodity,1.0,1.4130984157017323e-17,0.0,1.3212097400324594,0.0,1.0
"72,10,37,1,66,12",seg_00246,1,1,1.0,0.0,0.0,6.0,0.0,0.0,0.0,0.0,-0.35720536299394556,1.0,0.9980769225579227,5.5626028611934215,0.5,"[(398, 0)]",0,commodity,1.0,1.4130984157018025e-17,0.0,1.3212097400324594,0.0,1.0
"75,14,2,1",seg_00247,1,1,0.0,1.0,1.0,4.0,0.0,0.0,0.0,-0.11358328033619491,0.0,1.0,0.9980769225579224,5.5626028611934215,0.5,"[(273, 1)]",0,commodity,0.9999999999664553,0.0,3.354337766643124e-11,1.3212097400324594,0.0,1.0
"75,14,41,12",seg_00248,1,1,0.0,1.0,1.0,4.0,0.0,0.0,0.0,-1.7091320806096282,0.0,1.0,0.9980769225579224,5.5626028611934215,0.5,"[(150, 2)]",0,commodity,0.9999999999735003,0.0,2.650001046697358e-11,1.3212097400324594,0.0,1.0
"75,14,67,1",seg_00249,1,1,0.0,1.0,1.0,4.0,0.0,0.0,0.0,0.30927357048383897,0.0,1.0,0.9980769225579227,5.5626028611934215,0.5,"[(385, 1)]",0,commodity,0.9999999999546141,0.0,4.5386426984370264e-11,1.3212097400324594,0.0,1.0
"75,14,70,1",seg_00250,1,1,0.0,1.0,1.0,4.0,0.0,0.0,0.0,0.20919011192685577,0.0,1.0,0.9980769225579229,5.5626028611934215,0.5,"[(113, 1)]",0,commodity,0.9999999999581313,0.0,4.186983681165673e-11,1.3212097400324594,0.0,1.0
"76,9,36,8,65,12",seg_00251,1,1,1.0,0.0,0.0,6.0,0.0,0.0,0.0,0.0,-0.35720536299394556,1.0,0.9980769225579228,5.5626028611934215,0.5,"[(356, 0)]",0,commodity,1.0,1.413098415701863e-17,0.0,1.3212097400324594,0.0,1.0
"76,9,54,14,33,5",seg_00252,1,1,0.0,1.0,1.0,6.0,0.0,0.0,0.0,-0.11358328033619491,0.0,1.0,0.9980769225579225,5.5626028611934215,0.5,"[(160, 1)]",0,commodity,0.999999999995957,0.0,4.044224645454049e-12,1.3212097400324594,0.0,1.0
"77,9,39,9",seg_00255,1,1,1.0,0.0,0.0,4.0,0.0,0.0,0.0,0.0,-0.2120233531494473,1.0,0.998076922557923,5.5626028611934215,0.5,"[(513, 0)]",0,commodity,1.0,3.610552387815488e-16,0.0,1.3212097400324594,0.0,1.0
"77,9,60,14",seg_00256,1,1,0.0,1.0,1.0,4.0,0.0,0.0,0.0,0.11821833372112955,0.0,1.0,0.9980769225579225,5.5626028611934215,0.5,"[(170, 1)]",0,commodity,0.9999999999608988,0.0,3.910092002721263e-11,1.3212097400324594,0.0,1.0
"77,9,60,14,33,5",seg_00257,1,1,0.0,1.0,1.0,6.0,0.0,0.0,0.0,-0.6174884612576119,0.0,1.0,0.9980769225579229,5.5626028611934215,0.5,"[(370, 1)]",0,commodity,0.9999999999967848,0.0,3.2162939084771235e-12,1.3212097400324594,0.0,1.0
"77,9,75,14,70,1",seg_00258,1,1,1.0,0.0,0.0,6.0,0.0,0.0,0.0,0.0,-0.35720536299394556,1.0,0.998076922557923,5.5626028611934215,0.5,"[(125, 0)]",0,commodity,1.0,1.4130984157020034e-17,0.0,1.3212097400324594,0.0,1.0
"8,9,43,14,67,1",seg_00260,1,1,1.0,0.0,0.0,6.0,0.0,0.0,0.0,0.0,-0.14748483201187623,1.0,0.9980769225579225,5.5626028611934215,0.5,"[(175, 0)]",0,commodity,1.0,1.3219761978458544e-17,0.0,1.3212097400324594,0.0,1.0
"8,9,49,14,67,1",seg_00261,1,1,1.0,0.0,0.0,6.0,0.0,0.0,0.0,0.0,-0.14748483201187623,1.0,0.9980769225579229,5.5626028611934215,0.5,"[(373, 0)]",0,commodity,1.0,1.3219761978461174e-17,0.0,1.3212097400324594,0.0,1.0
"8,9,6,10,46,5",seg_00263,1,1,0.0,1.0,1.0,6.0,0.0,0.0,0.0,-0.11358328033619491,0.0,1.0,0.9980769225579222,5.5626028611934215,0.5,"[(10, 1)]",0,commodity,0.999999999995957,0.0,4.044224645453676e-12,1.3212097400324594,0.0,1.0
"8,9,60,14,67,1",seg_00264,1,1,1.0,0.0,0.0,6.0,0.0,0.0,0.0,0.0,-0.35720536299394556,1.0,0.9980769225579227,5.5626028611934215,0.5,"[(475, 0)]",0,commodity,1.0,1.4130984157018025e-17,0.0,1.3212097400324594,0.0,1.0
"85,9,24,10,53,5",seg_00266,1,1,1.0,0.0,0.0,6.0,0.0,0.0,0.0,0.0,-0.35720536299394556,1.0,0.9980769225579222,5.5626028611934215,0.5,"[(139, 0)]",0,commodity,1.0,1.4130984157015215e-17,0.0,1.3212097400324594,0.0,1.0
"85,9,29,8,65,12",seg_00267,1,1,1.0,0.0,0.0,6.0,0.0,0.0,0.0,0.0,-0.35720536299394556,1.0,0.9980769225579228,5.5626028611934215,0.5,"[(216, 0)]",0,commodity,1.0,1.413098415701863e-17,0.0,1.3212097400324594,0.0,1.0
"85,9,75,14,67,1",seg_00268,1,1,1.0,0.0,0.0,6.0,0.0,0.0,0.0,0.0,-0.35720536299394556,1.0,0.998076922557923,5.5626028611934215,0.5,"[(433, 0)]",0,commodity,1.0,1.4130984157020034e-17,0.0,1.3212097400324594,0.0,1.0
"9,9,59,14,70,1",seg_00269,1,1,1.0,0.0,0.0,6.0,0.0,0.0,0.0,0.0,-0.35720536299394556,1.0,0.9980769225579227,5.5626028611934215,0.5,"[(335, 0)]",0,commodity,1.0,1.4130984157018025e-17,0.0,1.3212097400324594,0.0,1.0
"9,9,62,9",seg_00270,1,1,1.0,0.0,0.0,4.0,0.0,0.0,0.0,0.0,-0.004383988371202907,1.0,0.9980769225579227,5.5626028611934215,0.5,"[(330, 0)]",0,commodity,1.0,3.603703952887008e-16,0.0,1.3212097400324594,0.0,1.0
"9,9,68,14,47,5",seg_00271,1,1,1.0,0.0,0.0,6.0,0.0,0.0,0.0,0.0,-0.35720536299394556,1.0,0.9980769225579228,5.5626028611934215,0.5,"[(489, 0)]",0,commodity,1.0,1.413098415701863e-17,0.0,1.3212097400324594,0.0,1.0
"9,9,72,10,48,5",seg_00272,1,1,1.0,0.0,0.0,6.0,0.0,0.0,0.0,0.0,-0.35720536299394556,1.0,0.9980769225579227,5.5626028611934215,0.5,"[(391, 0)]",0,commodity,1.0,1.4130984157018025e-17,0.0,1.3212097400324594,0.0,1.0
"90,9,32,8,4,12",seg_00274,1,1,1.0,0.0,0.0,6.0,0.0,0.0,0.0,0.0,-0.35720536299394556,1.0,0.9980769225579224,5.5626028611934215,0.5,"[(146, 0)]",0,commodity,1.0,1.413098415701602e-17,0.0,1.3212097400324594,0.0,1.0
"90,9,60,14,70,1",seg_00276,1,1,1.0,0.0,0.0,6.0,0.0,0.0,0.0,0.0,-0.35720536299394556,1.0,0.9980769225579227,5.5626028611934215,0.5,"[(83, 0)]",0,commodity,1.0,1.4130984157018025e-17,0.0,1.3212097400324594,0.0,1.0
"90,9,68,14,70,1",seg_00277,1,1,1.0,0.0,0.0,6.0,0.0,0.0,0.0,0.0,-0.14748483201187623,1.0,0.9980769225579222,5.5626028611934215,0.5,"[(263, 0)]",0,commodity,1.0,1.3219761978457228e-17,0.0,1.3212097400324594,0.0,1.0
"33,5",seg_00003,36,36,0.0,1.0,1.0,2.0,3.583518938456111,0.0,3.583518938456111,-0.3572053629939453,0.0,0.0,0.9307692307557859,2.6448321291091426,0.013888888888888888,"[(34, 1), (41, 1), (48, 1), (55, 1), (69, 1), (83, 1), (90, 1), (104, 1), (118, 1), (125, 1)]",1,proper_name,0.0,0.0,1.0,-4.123545099358566,0.0,0.975609756097561
"2,1",seg_00004,31,31,0.0,0.9354838709677419,0.9784946236559141,2.0,2.963998758512979,0.0,2.963998758512979,-1.0273773419053227,-2.514608446143493,0.3333333333333333,0.9403846153688408,2.7900141389536404,0.5296566077003122,"[(0, 3), (3, 2), (15, 2), (24, 1), (33, 1), (84, 1), (93, 1), (105, 1), (123, 2), (135, 2)]",1,proper_name,0.0,0.0,1.0,-0.46277618038605944,1.7091992607840236,0.975609756097561
"46,5",seg_00005,29,29,0.0,1.0,1.0,2.0,3.014630013724273,0.0,3.014630013724273,-0.6732763615688898,0.0,0.06896551724137931,0.9442307692138383,2.8545526600912114,0.026753864447086793,"[(43, 1), (54, 1), (61, 1), (65, 1), (81, 2), (87, 2), (101, 1), (161, 1), (164, 3), (175, 1)]",1,proper_name,0.0,0.0,1.0,-2.213600580356286,20.47642334217708,0.975609756097561
"20,12",seg_00007,25,25,0.0,0.88,0.9333333333333335,2.0,2.09973347440366,0.6365141682948128,2.7362476426984728,-1.0970572787521362,-2.339238341934035,0.07142857142857142,0.9519230769032768,2.9976535037318848,0.3473777777777778,"[(8, 1), (25, 1), (28, 1), (68, 1), (88, 1), (108, 1), (128, 1), (130, 1), (148, 1), (168, 1)]",1,proper_name,0.0,0.0,1.0,-2.1750441568709262,19.444442103880952,0.9512195121951219
"66,12",seg_00008,24,24,0.0,0.9583333333333334,0.9791666666666666,2.0,1.9080300437102595,0.0,1.9080300437102595,-0.7115311391413204,-2.2677483682119677,0.04,0.9538461538254871,3.0368742168851663,0.5815972222222222,"[(18, 1), (38, 1), (58, 1), (78, 1), (138, 1), (158, 1), (178, 1), (180, 1), (198, 1), (218, 1)]",1,proper_name,0.0,0.0,1.0,-2.6061962254258155,21.482611826877633,0.975609756097561
"70,1",seg_00011,21,21,0.0,0.9523809523809523,0.984126984126984,2.0,2.8464803861348664,0.0,2.8464803861348664,-0.62479999128281,-2.545380104810247,0.36363636363636365,0.9596153845916225,3.1647075883950513,0.5306122448979592,"[(5, 2), (23, 3), (35, 2), (95, 2), (143, 1), (155, 2), (173, 2), (190, 1), (275, 2), (323, 2)]",1,proper_name,0.0,0.0,1.0,-0.31926845986887836,0.5995039931656545,0.975609756097561
"67,1",seg_00015,19,19,0.0,0.8421052631578947,0.9210526315789473,2.0,2.6250481587325396,0.0,2.6250481587325396,-1.101654625600417,-1.7569227444459767,0.5454545454545454,0.9634615384351701,3.260017768199376,0.5401662049861495,"[(25, 2), (81, 1), (133, 2), (145, 2), (163, 2), (193, 1), (205, 1), (235, 2), (253, 1), (281, 1)]",1,proper_name,0.0,0.0,1.0,0.4024983381591772,0.8919703478489084,0.975609756097561
"1,21,11,2,1",seg_00019,15,15,0.0,1.0,1.0,5.0,0.0,0.0,0.0,-1.7091320806096282,0.0,1.0,0.9711538461201796,3.4831613195135858,0.5,"[(7, 1), (37, 1), (67, 1), (127, 1), (157, 1), (187, 1), (217, 1), (247, 1), (277, 1), (337, 1)]",1,proper_name,9.106181497098406e-174,0.0,1.0,3.6823925398053685,0.0,0.975609756097561
"1,21,11,67,1",seg_00020,15,15,0.0,0.9333333333333333,0.9666666666666667,5.0,0.0,0.0,0.0,-1.7091320806096282,-2.2269263736917124,1.0,0.9711538461201797,3.4831613195135858,1.0,"[(17, 1), (47, 1), (77, 1), (107, 1), (137, 1), (197, 1), (227, 1), (257, 1), (287, 1), (317, 1)]",1,proper_name,0.0,0.0,1.0,3.746782056209406,0.0,1.0
12,seg_00021,15,15,0.0,0.0,0.48888888888888893,1.0,0.7647544195674196,1.6792043316027068,2.4439587511701264,-1.416162782489268,0.44393323552479586,0.43333333333333335,0.9711538461201797,3.4831613195135858,0.38666666666666666,"[(14, 1), (19, 1), (64, 1), (114, 1), (119, 1), (164, 1), (214, 1), (264, 1), (314, 1), (319, 1)]",1,proper_name,0.0,4.862010292053239e-13,0.9999999999995133,-0.03990879035567522,0.016517796670617348,0.975609756097561
"1,21,11,70,1",seg_00022,14,14,0.0,0.8571428571428571,0.9285714285714286,5.0,0.0,0.0,0.0,-1.7091320806096282,-1.7569227444459776,1.0,0.9730769230407802,3.547699840651157,1.0,"[(57, 1), (87, 1), (117, 1), (147, 1), (177, 1), (207, 1), (267, 1), (297, 1), (327, 1), (357, 1)]",1,proper_name,0.0,0.0,1.0,3.746782056209406,0.0,1.0
"13,8,4,12",seg_00025,10,10,0.0,1.0,1.0,4.0,2.3025850929940455,0.0,2.3025850929940455,-1.1797356726547672,0.0,0.5,0.9807692307182307,3.8578547689549962,0.05000000000000002,"[(46, 1), (86, 1), (126, 1), (166, 1), (206, 1), (246, 1), (326, 1), (366, 1), (446, 1), (486, 1)]",1,proper_name,0.0,0.0,1.0,0.22259344586346186,0.12181008962979814,0.975609756097561
"29,8,65,12",seg_00026,10,10,0.0,1.0,1.0,4.0,2.3025850929940455,0.0,2.3025850929940455,-1.4610774750551745,0.0,0.8,0.9807692307182307,3.8578547689549962,0.05000000000000002,"[(16, 1), (56, 1), (96, 1), (136, 1), (176, 1), (256, 1), (336, 1), (376, 2), (416, 1), (456, 1)]",1,proper_name,0.0,0.0,1.0,1.4562759909360046,5.302461327061159,1.0
"32,8,4,12",seg_00027,10,10,0.0,1.0,1.0,4.0,2.3025850929940455,0.0,2.3025850929940455,-1.461576767638203,0.0,0.7,0.9807692307182307,3.8578547689549962,0.05000000000000002,"[(26, 1), (66, 1), (106, 1), (226, 2), (266, 1), (306, 1), (346, 1), (386, 1), (466, 1), (506, 1)]",1,proper_name,0.0,0.0,1.0,0.9913370016496369,2.651305057728308,1.0
"36,8,65,12",seg_00028,10,10,0.0,1.0,1.0,4.0,2.3025850929940455,0.0,2.3025850929940455,-1.2186903991350113,0.0,0.7,0.9807692307182307,3.8578547689549962,0.05000000000000002,"[(36, 1), (116, 1), (156, 1), (196, 1), (236, 1), (276, 1), (316, 1), (396, 1), (436, 1), (476, 1)]",1,proper_name,0.0,0.0,1.0,0.9913370016496369,2.651305057728308,1.0
"41,12",seg_00033,7,7,0.0,0.42857142857142855,0.7142857142857143,2.0,1.945910149055313,1.0397207708399179,2.9856309198952307,-0.2221281972512506,-1.1815969853375683,0.2727272727272727,0.9865384614651754,4.176308500073531,0.2589285714285714,"[(35, 1), (50, 1), (165, 1), (250, 1), (295, 1), (350, 1), (425, 1)]",1,proper_name,0.0,0.0,1.0,-0.6727811774166349,1.3874747207366114,0.975609756097561
10,seg_00034,6,6,0.0,0.0,0.5,1.0,1.0986122886681096,0.45056120886630463,1.5491734975344142,-0.9594978708020441,1.3078024005949653,0.3333333333333333,0.988461538375872,4.3098398926980535,0.5277777777777778,"[(11, 1), (111, 1), (211, 1), (311, 1), (411, 1), (511, 1)]",1,proper_name,0.0,1.572685591153595e-14,0.9999999999999858,-0.4196385950616661,0.6215270039214631,1.0
"10,48,5",seg_00037,5,5,0.0,1.0,1.0,3.0,0.0,0.0,0.0,1.3078024005949649,0.0,1.0,0.9903846152816155,4.4639905725253115,0.5,"[(11, 2), (211, 2), (311, 2), (411, 2), (511, 2)]",1,proper_name,8.635912133839207e-07,0.0,0.9999991364087862,2.6277986927332706,0.0,0.975609756097561
"48,5",seg_00039,5,5,0.0,1.0,1.0,2.0,1.0549201679861442,0.0,1.0549201679861442,1.4619530804222232,0.0,0.0,0.9903846152816155,4.4639905725253115,0.18000000000000005,"[(31, 1), (51, 1), (171, 1), (331, 1), (471, 1)]",1,proper_name,0.0,0.0,1.0,-2.184425977824518,0.0,1.0
"49,14,53,5",seg_00040,5,5,0.0,1.0,1.0,4.0,1.0549201679861442,0.0,1.0549201679861442,-0.33960604709075887,0.0,0.8,0.9903846152816155,4.4639905725253115,0.18000000000000005,"[(59, 1), (159, 2), (259, 1), (359, 1), (459, 2)]",1,proper_name,0.0,0.0,1.0,1.3252264800538855,2.6512306635305793,1.0
"75,14,53,5",seg_00041,5,5,0.0,1.0,1.0,4.0,1.0549201679861442,0.0,1.0549201679861442,-0.21954685559411402,0.0,0.4,0.9903846152816155,4.4639905725253115,0.18000000000000005,"[(99, 1), (199, 1), (299, 1), (399, 1), (499, 1)]",1,proper_name,0.0,0.0,1.0,-0.11643286017249364,0.04130083082241845,1.0
"10,53,5",seg_00042,4,4,0.0,1.0,1.0,3.0,0.5623351446188083,0.0,0.5623351446188083,0.748394902602151,0.0,0.75,0.9923076921786923,4.646312129319266,0.3125,"[(19, 2), (119, 2), (319, 2), (519, 1)]",1,proper_name,0.0,0.0,1.0,1.0720838976989167,1.5371390223797519,1.0
"47,5",seg_00045,4,4,0.0,1.0,1.0,2.0,1.3862943611198906,0.0,1.3862943611198906,1.2419151591076536,0.0,0.0,0.9923076921786923,4.646312129319266,0.125,"[(49, 1), (229, 1), (409, 1), (509, 1)]",1,proper_name,0.0,0.0,1.0,-1.9822890064398393,0.0,1.0
"59,14,47,5",seg_00046,4,4,0.0,1.0,1.0,4.0,1.0397207708399179,0.0,1.0397207708399179,-0.2922729845690477,0.0,0.75,0.9923076921786923,4.646312129319266,0.1875,"[(169, 1), (269, 1), (369, 1), (469, 1)]",1,proper_name,0.0,0.0,1.0,1.0720838976989167,1.5371390223797519,1.0
"65,12,53,5",seg_00047,4,4,0.0,1.0,1.0,4.0,0.6931471805599453,0.0,0.6931471805599453,-0.7604606875342326,0.0,1.0,0.9923076921786923,4.646312129319266,0.25,"[(79, 1), (179, 1), (379, 1), (479, 1)]",1,proper_name,0.0,0.0,1.0,2.425296494927652,0.0,1.0
"68,14,47,5",seg_00048,4,4,0.0,1.0,1.0,4.0,1.0397207708399179,0.0,1.0397207708399179,-0.46814806650318125,0.0,0.75,0.9923076921786923,4.646312129319266,0.1875,"[(89, 1), (189, 1), (289, 1), (389, 1)]",1,proper_name,0.0,0.0,1.0,1.0720838976989167,1.5371390223797519,1.0
"72,10,48,5",seg_00049,4,4,0.0,1.0,1.0,4.0,1.0397207708399179,0.0,1.0397207708399179,-0.46814806650318125,0.0,0.75,0.9923076921786923,4.646312129319266,0.1875,"[(91, 1), (191, 1), (291, 1), (491, 1)]",1,proper_name,0.0,0.0,1.0,1.0720838976989167,1.5371390223797519,0.975609756097561
"10,70,1",seg_00057,3,3,0.0,0.6666666666666666,0.8888888888888888,3.0,0.0,0.0,0.0,0.48112382741049764,-0.8406320125718216,1.0,0.994230769058436,4.869455680633476,1.0,"[(14, 2), (164, 2), (464, 2)]",1,proper_name,0.0,0.0,1.0,2.425296494927652,0.0,1.0
"17,10,46,5",seg_00058,3,3,0.0,1.0,1.0,4.0,0.6365141682948128,0.0,0.6365141682948128,-0.23118278530051617,0.0,0.0,0.9942307690584359,4.869455680633476,0.2777777777777778,"[(121, 1), (221, 1), (421, 1)]",1,proper_name,0.0,0.0,1.0,-1.7295104490540436,0.0,1.0
"18,10,47,5",seg_00059,3,3,0.0,1.0,1.0,4.0,0.6365141682948128,0.0,0.6365141682948128,-0.3499704114993172,0.0,0.3333333333333333,0.994230769058436,4.869455680633476,0.2777777777777778,"[(29, 1), (129, 1), (429, 1)]",1,proper_name,0.0,0.0,1.0,-0.2911457528811631,0.15538175098036577,1.0
"24,10,53,5",seg_00061,3,3,0.0,1.0,1.0,4.0,0.6365141682948128,0.0,0.6365141682948128,-0.23118278530051617,0.0,1.0,0.994230769058436,4.869455680633476,0.2777777777777778,"[(39, 1), (239, 1), (339, 1)]",1,proper_name,0.0,0.0,1.0,2.1721539125726834,0.0,0.975609756097561
"3,12",seg_00064,3,3,0.0,0.0,0.4444444444444444,2.0,1.0986122886681096,1.0986122886681096,2.197224577336219,-0.4104834772936015,0.008768487481616294,0.16666666666666666,0.994230769058436,4.869455680633476,0.3333333333333333,"[(135, 1), (265, 1), (395, 1)]",1,proper_name,0.0,2.0311794069130455e-12,0.9999999999979678,-1.0839955068373497,2.100280316104092,1.0
"32,8,46,5",seg_00065,3,3,0.0,1.0,1.0,4.0,0.6365141682948128,0.0,0.6365141682948128,-0.12552823846691252,0.0,0.3333333333333333,0.9942307690584359,4.869455680633476,0.2777777777777778,"[(141, 1), (341, 1), (441, 1)]",1,proper_name,0.0,0.0,1.0,-0.2911457528811631,0.15538175098036577,1.0
"36,8,47,5",seg_00066,3,3,0.0,1.0,1.0,4.0,0.6365141682948128,0.0,0.6365141682948128,-0.23118278530051617,0.0,0.0,0.9942307690584359,4.869455680633476,0.2777777777777778,"[(149, 1), (249, 1), (449, 1)]",1,proper_name,0.0,0.0,1.0,-1.7295104490540436,0.0,1.0
"39,9,60,14",seg_00069,3,3,0.0,1.0,1.0,4.0,1.0986122886681096,0.0,1.0986122886681096,-0.8053471909747851,0.0,0.6666666666666666,0.994230769058436,4.869455680633476,0.16666666666666666,"[(70, 1), (270, 1), (470, 1)]",1,proper_name,0.0,0.0,1.0,0.733786843053075,0.5973004499791025,1.0
"4,12",seg_00070,3,3,0.0,0.0,0.5,2.0,1.0986122886681096,1.0986122886681096,2.197224577336219,-0.6070548712657374,-0.6236048408136775,0.3333333333333333,0.994230769058436,4.869455680633476,0.3333333333333333,"[(15, 1), (145, 1), (275, 1)]",1,proper_name,0.0,6.764929433885571e-15,0.9999999999999929,-0.3692114175582891,0.31076350196073155,1.0
"43,14,66,12",seg_00071,3,3,0.0,1.0,1.0,4.0,1.0986122886681096,0.0,1.0986122886681096,-0.38015955122502615,0.0,0.6666666666666666,0.994230769058436,4.869455680633476,0.16666666666666666,"[(80, 1), (280, 1), (480, 1)]",1,proper_name,0.0,0.0,1.0,0.733786843053075,0.5973004499791025,1.0
"49,14,70,1",seg_00072,3,3,0.0,1.0,1.0,4.0,1.0986122886681096,0.0,1.0986122886681096,-0.514280994701665,0.0,0.3333333333333333,0.994230769058436,4.869455680633476,0.16666666666666666,"[(53, 1), (185, 1), (290, 1)]",1,proper_name,0.0,0.0,1.0,-0.2911457528811631,0.15538175098036577,1.0
"59,14,2,1",seg_00073,3,3,0.0,1.0,1.0,4.0,1.0986122886681096,0.0,1.0986122886681096,-0.8337465709299346,0.0,1.0,0.994230769058436,4.869455680633476,0.16666666666666666,"[(75, 1), (393, 1), (465, 1)]",1,proper_name,0.0,0.0,1.0,2.1721539125726834,0.0,0.975609756097561
"61,10,48,5",seg_00075,3,3,0.0,1.0,1.0,4.0,0.6365141682948128,0.0,0.6365141682948128,-0.23118278530051617,0.0,0.0,0.9942307690584359,4.869455680633476,0.2777777777777778,"[(71, 1), (271, 1), (371, 1)]",1,proper_name,0.0,0.0,1.0,-1.7295104490540436,0.0,1.0
"65,12",seg_00079,3,3,0.0,0.0,0.5,2.0,1.0986122886681096,0.6365141682948128,1.7351264569629223,-0.7261554401755844,-0.5150912549346056,0.5,0.9942307690584359,4.869455680633476,0.4444444444444444,"[(95, 1), (225, 1), (485, 1)]",1,proper_name,0.0,1.7084511180729818e-15,0.9999999999999982,0.22186419447334832,0.07308605377787888,0.975609756097561
"13,8,20,12",seg_00096,2,2,0.0,1.0,1.0,4.0,0.6931471805599453,0.0,0.6931471805599453,-0.09062044934770519,0.0,0.5,0.9961538458948462,5.157137753085257,0.25,"[(30, 1), (430, 1)]",1,proper_name,0.0,0.0,1.0,0.22113972515869312,0.024362017925959628,1.0
"13,8,4,12,33,5",seg_00097,2,2,0.0,1.0,1.0,6.0,0.6931471805599453,0.0,0.6931471805599453,-0.3809217001302805,0.0,0.5,0.9961538458948465,5.157137753085257,0.25,"[(6, 1), (286, 1)]",1,proper_name,0.0,0.0,1.0,0.22113972515869312,0.024362017925959628,0.975609756097561
"20,12,46,5",seg_00101,2,2,0.0,1.0,1.0,4.0,0.6931471805599453,0.0,0.6931471805599453,0.49800725864590634,0.0,0.0,0.9961538458948462,5.157137753085257,0.25,"[(208, 1), (428, 1)]",1,proper_name,0.0,0.0,1.0,-1.3915762238683314,0.0,1.0
"23,10,48,5",seg_00102,2,2,0.0,1.0,1.0,4.0,0.6931471805599453,0.0,0.6931471805599453,-0.4031475814156973,0.0,0.5,0.9961538458948462,5.157137753085257,0.25,"[(231, 1), (431, 1)]",1,proper_name,0.0,0.0,1.0,0.22113972515869312,0.024362017925959628,1.0
"36,8,54,14",seg_00107,2,2,0.0,1.0,1.0,4.0,0.6931471805599453,0.0,0.6931471805599453,-0.4031475814156973,0.0,0.5,0.9961538458948463,5.157137753085257,0.25,"[(260, 1), (460, 1)]",1,proper_name,0.0,0.0,1.0,0.22113972515869312,0.024362017925959628,1.0
"43,14,70,1",seg_00112,2,2,0.0,1.0,1.0,4.0,0.6931471805599453,0.0,0.6931471805599453,-1.1554360924495508,0.0,1.0,0.9961538458948462,5.157137753085257,0.25,"[(203, 1), (305, 2)]",1,proper_name,0.0,0.0,1.0,1.8338568579268413,0.0,1.0
"46,5,33,5",seg_00113,2,2,0.0,1.0,1.0,4.0,0.6931471805599453,0.0,0.6931471805599453,1.7496351528740046,0.0,0.0,0.9961538458948462,5.157137753085257,0.25,"[(181, 1), (321, 1)]",1,proper_name,0.0,0.0,1.0,-1.3915762238683314,0.0,1.0
"49,14,2,1",seg_00114,2,2,0.0,1.0,1.0,4.0,0.6931471805599453,0.0,0.6931471805599453,-0.3076199630343426,0.0,1.0,0.9961538458948462,5.157137753085257,0.25,"[(213, 1), (315, 1)]",1,proper_name,0.0,0.0,1.0,1.8338568579268413,0.0,1.0
"54,14",seg_00115,2,2,0.0,1.0,1.0,2.0,0.6931471805599453,0.0,0.6931471805599453,2.1551002609821692,0.0,0.0,0.9961538458948462,5.157137753085257,0.25,"[(60, 1), (360, 1)]",1,proper_name,0.0,0.0,1.0,-1.3915762238683314,0.0,0.975609756097561
"54,14,70,1",seg_00116,2,2,0.0,1.0,1.0,4.0,0.6931471805599453,0.0,0.6931471805599453,-1.1554360924495508,0.0,1.0,0.9961538458948462,5.157137753085257,0.25,"[(383, 1), (455, 2)]",1,proper_name,0.0,0.0,1.0,1.8338568579268413,0.0,1.0
"59,14,6,10",seg_00117,2,2,0.0,1.0,1.0,4.0,0.6931471805599453,0.0,0.6931471805599453,-0.4031475814156973,0.0,0.5,0.9961538458948462,5.157137753085257,0.25,"[(110, 1), (310, 1)]",1,proper_name,0.0,0.0,1.0,0.22113972515869312,0.024362017925959628,1.0
"60,14,2,1",seg_00119,2,2,0.0,1.0,1.0,4.0,0.6931471805599453,0.0,0.6931471805599453,0.32977114033529986,0.0,0.5,0.9961538458948462,5.157137753085257,0.25,"[(243, 1), (345, 1)]",1,proper_name,0.0,0.0,1.0,0.22113972515869312,0.024362017925959628,1.0
"60,14,67,1",seg_00120,2,2,0.0,1.0,1.0,4.0,0.6931471805599453,0.0,0.6931471805599453,-0.09619153762432564,0.0,0.5,0.9961538458948462,5.157137753085257,0.25,"[(85, 1), (403, 1)]",1,proper_name,0.0,0.0,1.0,0.22113972515869312,0.024362017925959628,1.0
"66,12,46,5",seg_00123,2,2,0.0,1.0,1.0,4.0,0.6931471805599453,0.0,0.6931471805599453,0.5983426063769817,0.0,0.0,0.9961538458948462,5.157137753085257,0.25,"[(98, 1), (318, 1)]",1,proper_name,0.0,0.0,1.0,-1.3915762238683314,0.0,1.0
"67,1,33,5",seg_00124,2,2,0.0,1.0,1.0,4.0,0.6931471805599453,0.0,0.6931471805599453,0.5873531530175944,0.0,1.0,0.9961538458948465,5.157137753085257,0.25,"[(13, 2), (265, 2)]",1,proper_name,0.0,0.0,1.0,1.8338568579268413,0.0,1.0
"68,14,2,1",seg_00125,2,2,0.0,1.0,1.0,4.0,0.6931471805599453,0.0,0.6931471805599453,-0.632874290590989,0.0,0.5,0.9961538458948462,5.157137753085257,0.25,"[(375, 1), (423, 1)]",1,proper_name,0.0,0.0,1.0,0.22113972515869312,0.024362017925959628,1.0
"68,14,67,1",seg_00126,2,2,0.0,1.0,1.0,4.0,0.6931471805599453,0.0,0.6931471805599453,-0.28724677438703505,0.0,0.5,0.9961538458948462,5.157137753085257,0.25,"[(103, 1), (115, 1)]",1,proper_name,0.0,0.0,1.0,0.22113972515869312,0.024362017925959628,1.0
"70,1,33,5",seg_00127,2,2,0.0,1.0,1.0,4.0,0.6931471805599453,0.0,0.6931471805599453,-0.051298885688148665,0.0,0.5,0.9961538458948463,5.157137753085257,0.25,"[(293, 2), (503, 3)]",1,proper_name,0.0,0.0,1.0,0.22113972515869312,0.024362017925959628,0.975609756097561
"1,20,12",seg_00131,1,1,0.0,0.0,0.5,3.0,0.0,0.0,0.0,-1.7091320806096282,0.16267009629196316,0.5,0.9980769225579224,5.5626028611934215,1.0,"[(155, 1)]",1,proper_name,0.0,1.1508023915588849e-17,1.0,0.22113972515869312,0.024362017925959628,1.0
"1,3,12",seg_00133,1,1,0.0,0.0,0.5,3.0,0.0,0.0,0.0,-1.7091320806096282,0.16267009629196316,0.5,0.9980769225579222,5.5626028611934215,1.0,"[(5, 1)]",1,proper_name,0.0,1.1508023915588849e-17,1.0,0.22113972515869312,0.024362017925959628,0.975609756097561
"10,53,5,46,5",seg_00150,1,1,0.0,1.0,1.0,5.0,0.0,0.0,0.0,2.1551002609821692,0.0,0.0,0.9980769225579228,5.5626028611934215,0.5,"[(219, 1)]",1,proper_name,0.0,0.0,1.0,-0.8792907458284752,0.0,1.0
"2,1,33,5",seg_00167,1,1,0.0,1.0,1.0,4.0,0.0,0.0,0.0,1.8674181885303884,0.0,0.0,0.9980769225579228,5.5626028611934215,0.5,"[(405, 1)]",1,proper_name,0.0,0.0,1.0,-0.8792907458284752,0.0,1.0
"2,1,33,5,46,5",seg_00168,1,1,0.0,1.0,1.0,6.0,0.0,0.0,0.0,0.20919011192685577,0.0,0.0,0.9980769225579224,5.5626028611934215,0.5,"[(153, 2)]",1,proper_name,0.0,0.0,1.0,-0.8792907458284752,0.0,1.0
"23,10,48,5,46,5",seg_00170,1,1,0.0,1.0,1.0,6.0,0.0,0.0,0.0,0.11821833372112955,0.0,0.0,0.9980769225579222,5.5626028611934215,0.5,"[(131, 1)]",1,proper_name,0.0,0.0,1.0,-0.8792907458284752,0.0,1.0
"24,10,53,5,46,5",seg_00171,1,1,0.0,1.0,1.0,6.0,0.0,0.0,0.0,0.42049920559406306,0.0,0.0,0.998076922557923,5.5626028611934215,0.5,"[(439, 1)]",1,proper_name,0.0,0.0,1.0,-0.8792907458284752,0.0,1.0
"29,8",seg_00172,1,1,0.0,1.0,1.0,2.0,0.0,0.0,0.0,2.560565369090334,0.0,0.0,0.9980769225579225,5.5626028611934215,0.5,"[(40, 1)]",1,proper_name,0.0,0.0,1.0,-0.8792907458284752,0.0,1.0
"29,8,29,8",seg_00173,1,1,0.0,1.0,1.0,4.0,0.0,0.0,0.0,0.30927357048383897,0.0,0.0,0.9980769225579229,5.5626028611934215,0.5,"[(240, 1)]",1,proper_name,0.0,0.0,1.0,-0.8792907458284752,0.0,1.0
"29,8,29,8,33,5",seg_00174,1,1,0.0,1.0,1.0,6.0,0.0,0.0,0.0,0.20919011192685577,0.0,0.0,0.998076922557923,5.5626028611934215,0.5,"[(440, 1)]",1,proper_name,0.0,0.0,1.0,-0.8792907458284752,0.0,1.0
"29,8,65,12,46,5",seg_00175,1,1,0.0,1.0,1.0,6.0,0.0,0.0,0.0,0.20919011192685577,0.0,0.0,0.9980769225579225,5.5626028611934215,0.5,"[(296, 1)]",1,proper_name,0.0,0.0,1.0,-0.8792907458284752,0.0,0.975609756097561
"33,5,46,5",seg_00179,1,1,0.0,1.0,1.0,4.0,0.0,0.0,0.0,2.560565369090334,0.0,0.0,0.9980769225579227,5.5626028611934215,0.5,"[(384, 1)]",1,proper_name,0.0,0.0,1.0,-0.8792907458284752,0.0,1.0
"36,8,65,12,46,5",seg_00200,1,1,0.0,1.0,1.0,6.0,0.0,0.0,0.0,0.42049920559406306,0.0,0.0,0.998076922557923,5.5626028611934215,0.5,"[(516, 1)]",1,proper_name,0.0,0.0,1.0,-0.8792907458284752,0.0,1.0
"43,14,2,1",seg_00212,1,1,0.0,1.0,1.0,4.0,0.0,0.0,0.0,0.42049920559406306,0.0,0.0,0.998076922557923,5.5626028611934215,0.5,"[(435, 1)]",1,proper_name,0.0,0.0,1.0,-0.8792907458284752,0.0,1.0
"46,5,33,5,46,5",seg_00213,1,1,0.0,1.0,1.0,6.0,0.0,0.0,0.0,2.1551002609821692,0.0,0.0,0.9980769225579226,5.5626028611934215,0.5,"[(461, 1)]",1,proper_name,0.0,0.0,1.0,-0.8792907458284752,0.0,1.0
"46,5,46,5",seg_00214,1,1,0.0,1.0,1.0,4.0,0.0,0.0,0.0,2.1551002609821692,0.0,0.0,0.9980769225579224,5.5626028611934215,0.5,"[(21, 1)]",1,proper_name,0.0,0.0,1.0,-0.8792907458284752,0.0,1.0
"47,5,46,5",seg_00215,1,1,0.0,1.0,1.0,4.0,0.0,0.0,0.0,1.8674181885303884,0.0,0.0,0.9980769225579229,5.5626028611934215,0.5,"[(109, 1)]",1,proper_name,0.0,0.0,1.0,-0.8792907458284752,0.0,1.0
"49,14,67,1",seg_00216,1,1,0.0,1.0,1.0,4.0,0.0,0.0,0.0,0.20919011192685577,0.0,0.0,0.998076922557923,5.5626028611934215,0.5,"[(445, 1)]",1,proper_name,0.0,0.0,1.0,-0.8792907458284752,0.0,1.0
"54,14,2,1",seg_00217,1,1,0.0,1.0,1.0,4.0,0.0,0.0,0.0,0.16267009629196316,0.0,0.0,0.9980769225579226,5.5626028611934215,0.5,"[(63, 1)]",1,proper_name,0.0,0.0,1.0,-0.8792907458284752,0.0,0.975609756097561
"59,14,67,1",seg_00222,1,1,0.0,1.0,1.0,4.0,0.0,0.0,0.0,0.42049920559406306,0.0,0.0,0.9980769225579227,5.5626028611934215,0.5,"[(73, 1)]",1,proper_name,0.0,0.0,1.0,-0.8792907458284752,0.0,1.0
"59,14,70,1",seg_00223,1,1,0.0,1.0,1.0,4.0,0.0,0.0,0.0,0.11821833372112955,0.0,0.0,0.9980769225579229,5.5626028611934215,0.5,"[(233, 1)]",1,proper_name,0.0,0.0,1.0,-0.8792907458284752,0.0,0.975609756097561
"6,10",seg_00224,1,1,0.0,1.0,1.0,2.0,0.0,0.0,0.0,2.560565369090334,0.0,0.0,0.9980769225579227,5.5626028611934215,0.5,"[(210, 1)]",1,proper_name,0.0,0.0,1.0,-0.8792907458284752,0.0,1.0
"60,14,13,8,46,5",seg_00226,1,1,0.0,1.0,1.0,6.0,0.0,0.0,0.0,0.16267009629196316,0.0,0.0,0.998076922557923,5.5626028611934215,0.5,"[(120, 1)]",1,proper_name,0.0,0.0,1.0,-0.8792907458284752,0.0,1.0
"65,12,53,5,33,5",seg_00240,1,1,0.0,1.0,1.0,6.0,0.0,0.0,0.0,0.16267009629196316,0.0,0.0,0.9980769225579224,5.5626028611934215,0.5,"[(279, 1)]",1,proper_name,0.0,0.0,1.0,-0.8792907458284752,0.0,1.0
"68,14,29,8",seg_00241,1,1,0.0,1.0,1.0,4.0,0.0,0.0,0.0,0.20919011192685577,0.0,0.0,0.9980769225579222,5.5626028611934215,0.5,"[(140, 1)]",1,proper_name,0.0,0.0,1.0,-0.8792907458284752,0.0,1.0
"68,14,70,1",seg_00242,1,1,0.0,1.0,1.0,4.0,0.0,0.0,0.0,0.30927357048383897,0.0,0.0,0.9980769225579229,5.5626028611934215,0.5,"[(245, 1)]",1,proper_name,0.0,0.0,1.0,-0.8792907458284752,0.0,1.0
"8,9,6,10",seg_00262,1,1,0.0,1.0,1.0,4.0,0.0,0.0,0.0,0.11821833372112955,0.0,0.0,0.9980769225579228,5.5626028611934215,0.5,"[(410, 1)]",1,proper_name,0.0,0.0,1.0,-0.8792907458284752,0.0,1.0
1,seg_00001,142,127,0.8661971830985915,0.028169014084507043,0.07981220657276994,1.0,0.806504609875222,3.4523451245746197,4.258849734449842,-2.147183262213654,-1.8936222341700033,0.19745222929936307,0.9381906825534446,1.4037197778337498,0.34400711342911383,"[(0, 0), (0, 1), (1, 0), (2, 0), (5, 0), (7, 0), (9, 0), (9, 1), (12, 0), (17, 0)]",2,title,0.0,1.0,0.0,-1.3142923303630552,42.558559251053424,0.975609756097561
"37,1",seg_00002,47,47,1.0,0.0,0.0,2.0,0.0,2.790839003063182,2.790839003063182,0.0,-1.1293002568780908,0.2978723404255319,0.9096153846053208,2.3845490308454758,0.04459031235853325,"[(4, 0), (14, 0), (36, 0), (44, 0), (64, 0), (70, 0), (74, 0), (75, 0), (79, 0), (94, 0)]",2,title,0.0,1.0,0.0,-0.6401208184109686,4.27934447867634,1.0
"7,9",seg_00006,28,27,0.8214285714285714,0.0,0.08928571428571429,2.0,1.6094379124341005,2.997766565380617,4.607204477814717,-2.869093499655887,-1.2623415651776952,0.36363636363636365,1.0175824175635197,2.923545531578163,0.12806122448979596,"[(0, 2), (3, 0), (3, 1), (6, 0), (10, 0), (15, 0), (19, 0), (81, 0), (156, 0), (160, 0)]",2,title,0.0,1.0,0.0,-0.3305731495866387,0.8992559897484819,1.0
"76,9",seg_00009,22,22,0.8636363636363636,0.0,0.06818181818181818,2.0,1.0986122886681096,2.9650156932565066,4.063627981924617,-2.2301196966585963,-1.1334952284322715,0.36,0.9576923076696711,3.1202558258242172,0.19352617079889806,"[(53, 0), (56, 0), (110, 0), (115, 0), (119, 0), (123, 1), (131, 0), (206, 0), (233, 0), (260, 0)]",2,title,0.0,1.0,0.0,-0.33838794601935196,0.7442590658910876,1.0
"8,9",seg_00010,22,21,0.8181818181818182,0.0,0.09090909090909091,2.0,1.3862943611198906,2.9650156932565066,4.351310054376397,-2.2425090072632576,-1.1621420600278252,0.2692307692307692,1.0486013985766132,3.1647075883950513,0.1518595041322314,"[(11, 0), (13, 0), (13, 1), (20, 0), (25, 0), (29, 0), (86, 0), (103, 0), (170, 0), (173, 1)]",2,title,0.0,1.0,0.0,-0.750001761314296,3.4192507461442636,1.0
"77,9",seg_00012,21,21,0.8571428571428571,0.0,0.07142857142857142,2.0,1.0986122886681096,2.9124944033310514,4.011106691999161,-2.2629351387735372,-0.9332627668815657,0.375,0.9596153845916225,3.1647075883950513,0.1950113378684807,"[(63, 0), (120, 0), (129, 0), (133, 1), (136, 0), (153, 0), (211, 0), (243, 0), (270, 0), (275, 0)]",2,title,0.0,1.0,0.0,-0.2743772757964589,0.4826173534095395,1.0
"9,9",seg_00013,20,20,1.0,0.0,0.0,2.0,0.0,2.9264175554979963,2.9264175554979963,0.0,-0.8637341345353616,0.1,0.9615384615134613,3.211227604029944,0.027500000000000017,"[(16, 0), (23, 0), (30, 0), (35, 0), (39, 0), (91, 0), (113, 0), (166, 0), (185, 0), (189, 0)]",2,title,0.0,1.0,0.0,-1.8036308833834112,11.43083887400958,0.975609756097561
"90,9",seg_00014,20,20,0.8,0.0,0.1,2.0,1.0397207708399179,2.7877881193860072,3.827508890225925,-1.9891756282265376,-0.7334081090750554,0.16666666666666666,0.9615384615134613,3.211227604029944,0.22000000000000003,"[(71, 0), (140, 0), (145, 0), (149, 0), (153, 1), (173, 0), (221, 0), (290, 0), (295, 0), (296, 0)]",2,title,0.0,1.0,0.0,-1.3178416573659182,8.401121264416368,1.0
"39,9",seg_00016,18,18,1.0,0.0,0.0,2.0,0.0,2.736339051105066,2.736339051105066,0.0,-0.7758288540041209,0.05555555555555555,0.9653846153567265,3.3113110625869266,0.033950617283950615,"[(80, 0), (85, 0), (89, 0), (116, 0), (123, 0), (191, 0), (213, 0), (230, 0), (235, 0), (239, 0)]",2,title,0.0,1.0,0.0,-2.259213381533753,13.913077483151183,1.0
"62,9",seg_00017,18,18,1.0,0.0,0.0,2.0,0.0,2.6593226977095163,2.6593226977095163,0.0,-0.7613450840026837,0.1111111111111111,0.9653846153567265,3.3113110625869266,0.037037037037037035,"[(46, 0), (95, 0), (99, 0), (121, 0), (133, 0), (196, 0), (240, 0), (245, 0), (249, 0), (271, 0)]",2,title,0.0,1.0,0.0,-1.6862332260259316,9.521170318151354,1.0
"85,9",seg_00018,16,16,1.0,0.0,0.0,2.0,0.0,2.685945324669788,2.685945324669788,0.0,-0.5512021422282923,0.25,0.9692307691992689,3.4225366976971507,0.03515625,"[(66, 0), (73, 0), (135, 0), (141, 0), (163, 0), (280, 0), (285, 0), (289, 0), (291, 0), (343, 0)]",2,title,0.0,1.0,0.0,-0.8112138795007641,2.6132064975291076,1.0
9,seg_00023,14,7,0.0,0.0,0.5,1.0,1.6661022550876021,1.567081229293324,3.233183484380926,-1.7361928893761034,-0.6696437736751796,0.75,1.9730769230036367,4.176308500073531,0.2908163265306123,"[(20, 1), (20, 2), (23, 1), (23, 2), (183, 1), (183, 2), (220, 1), (220, 2), (343, 1), (343, 2)]",2,title,0.0,1.0,0.0,1.3025739831410896,10.759973156658264,1.0
"10,10,37,1",seg_00024,10,10,1.0,0.0,0.0,4.0,0.0,0.9433483923290391,0.9433483923290391,0.0,-0.3045960862599893,0.5,0.9807692307182307,3.8578547689549962,0.21000000000000002,"[(8, 0), (58, 0), (108, 0), (158, 0), (208, 0), (308, 0), (358, 0), (408, 0), (458, 0), (508, 0)]",2,title,0.0,1.0,0.0,0.22259344586346186,0.12181008962979814,0.975609756097561
"17,10,37,1",seg_00029,9,9,1.0,0.0,0.0,4.0,0.0,0.9649629230074277,0.9649629230074277,0.0,-0.2700597587203162,0.4444444444444444,0.9826923076355302,3.9531649487593215,0.2037037037037037,"[(18, 0), (68, 0), (168, 0), (218, 0), (268, 0), (318, 0), (368, 0), (418, 0), (518, 0)]",2,title,0.0,1.0,0.0,0.020091248057842893,1.0602494644461205e-05,0.975609756097561
"23,10,37,1",seg_00030,9,9,1.0,0.0,0.0,4.0,0.0,0.936888307539016,0.936888307539016,0.0,-0.2836670902270675,0.3333333333333333,0.9826923076355304,3.9531649487593215,0.2160493827160494,"[(28, 0), (78, 0), (128, 0), (178, 0), (228, 0), (278, 0), (378, 0), (428, 0), (478, 0)]",2,title,0.0,1.0,0.0,-0.40157384800535856,0.4661452529410973,0.975609756097561
"57,10,37,1",seg_00031,9,9,1.0,0.0,0.0,4.0,0.0,0.6869615765973234,0.6869615765973234,0.0,-0.5867600339575312,0.4444444444444444,0.9826923076355304,3.9531649487593215,0.25308641975308643,"[(38, 0), (88, 0), (138, 0), (238, 0), (288, 0), (338, 0), (388, 0), (438, 0), (488, 0)]",2,title,0.0,1.0,0.0,0.020091248057842893,1.0602494644461205e-05,0.9512195121951219
"72,10,37,1",seg_00032,8,8,1.0,0.0,0.0,4.0,0.0,0.9743147528693494,0.9743147528693494,0.0,-0.23908042683389322,0.5,0.9846153845513846,4.058525464417148,0.203125,"[(98, 0), (148, 0), (198, 0), (248, 0), (298, 0), (348, 0), (448, 0), (498, 0)]",2,title,0.0,1.0,0.0,0.2222282194425216,0.09744807170383851,0.975609756097561
"19,13",seg_00035,6,6,1.0,0.0,0.0,2.0,0.0,1.5607104090414063,1.5607104090414063,0.0,0.06523108751828843,0.0,0.9884615383758718,4.3098398926980535,0.11111111111111113,"[(96, 0), (199, 0), (246, 0), (345, 0), (396, 0), (499, 0)]",2,title,0.0,1.0,0.0,-2.3529484915327505,0.0,0.975609756097561
"34,13",seg_00036,6,6,1.0,0.0,0.0,2.0,0.0,1.5607104090414063,1.5607104090414063,0.0,-0.1946255093077637,0.0,0.988461538375872,4.3098398926980535,0.11111111111111113,"[(26, 0), (59, 0), (176, 0), (326, 0), (359, 0), (476, 0)]",2,title,0.0,1.0,0.0,-2.3529484915327505,0.0,0.975609756097561
"35,13",seg_00038,5,5,1.0,0.0,0.0,2.0,0.0,1.6094379124341005,1.6094379124341005,0.0,0.5967956971520227,0.0,0.9903846152816155,4.4639905725253115,0.10000000000000002,"[(106, 0), (215, 0), (256, 0), (369, 0), (406, 0)]",2,title,0.0,1.0,0.0,-2.184425977824518,0.0,0.975609756097561
"37,1,18,10",seg_00044,4,4,1.0,0.0,0.0,4.0,0.0,0.5623351446188083,0.5623351446188083,0.0,0.1464085004391833,1.0,0.9923076921786923,4.646312129319266,0.3125,"[(24, 0), (229, 0), (324, 0), (474, 0)]",2,title,0.0,1.0,0.0,2.425296494927652,0.0,0.975609756097561
"64,13",seg_00077,3,3,1.0,0.0,0.0,2.0,0.0,1.0986122886681096,1.0986122886681096,0.0,0.3647153641487349,0.0,0.9942307690584359,4.869455680633476,0.16666666666666666,"[(126, 0), (259, 0), (276, 0)]",2,title,0.0,1.0,0.0,-1.7295104490540436,0.0,0.975609756097561
"64,13,4,12",seg_00078,3,3,1.0,0.0,0.0,4.0,0.0,1.0986122886681096,1.0986122886681096,0.0,1.5619879445723368,0.3333333333333333,0.994230769058436,4.869455680633476,0.16666666666666666,"[(109, 0), (405, 0), (409, 0)]",2,title,0.0,1.0,0.0,-0.2911457528811631,0.15538175098036577,0.975609756097561
"19,13,17,10",seg_00099,2,2,1.0,0.0,0.0,4.0,0.0,0.6931471805599453,0.6931471805599453,0.0,1.952367706928087,0.0,0.9961538458948463,5.157137753085257,0.25,"[(21, 0), (321, 0)]",2,title,0.0,1.0,0.0,-1.3915762238683314,0.0,0.975609756097561
"35,13,12",seg_00104,2,2,1.0,0.0,0.0,3.0,0.0,0.6931471805599453,0.6931471805599453,0.0,1.6969548950450917,0.0,0.9961538458948462,5.157137753085257,0.25,"[(219, 0), (519, 0)]",2,title,0.0,1.0,0.0,-1.3915762238683314,0.0,0.975609756097561
"35,13,67,1",seg_00106,2,2,1.0,0.0,0.0,4.0,0.0,0.6931471805599453,0.6931471805599453,0.0,0.5983426063769819,0.5,0.9961538458948462,5.157137753085257,0.25,"[(181, 0), (481, 0)]",2,title,0.0,1.0,0.0,0.22113972515869312,0.024362017925959628,0.975609756097561
"39,9,85,9",seg_00109,2,2,1.0,0.0,0.0,4.0,0.0,0.6931471805599453,0.6931471805599453,0.0,-0.49405842229184915,0.5,0.9961538458948462,5.157137753085257,0.25,"[(303, 0), (380, 0)]",2,title,0.0,1.0,0.0,0.22113972515869312,0.024362017925959628,0.9512195121951219
"8,9,57,10",seg_00129,2,2,1.0,0.0,0.0,4.0,0.0,0.6931471805599453,0.6931471805599453,0.0,0.8010751604310642,0.5,0.9961538458948463,5.157137753085257,0.25,"[(161, 0), (461, 0)]",2,title,0.0,1.0,0.0,0.22113972515869312,0.024362017925959628,0.975609756097561
"85,9,62,9",seg_00130,2,2,1.0,0.0,0.0,4.0,0.0,0.6931471805599453,0.6931471805599453,0.0,-0.2786669642456221,0.5,0.9961538458948462,5.157137753085257,0.25,"[(130, 0), (253, 0)]",2,title,0.0,1.0,0.0,0.22113972515869312,0.024362017925959628,0.975609756097561
"19,13,49,14",seg_00162,1,1,1.0,0.0,0.0,4.0,0.0,0.0,0.0,0.0,0.16267009629196316,0.0,0.9980769225579228,5.5626028611934215,0.5,"[(490, 0)]",2,title,0.0,1.0,0.0,-0.8792907458284752,0.0,0.975609756097561
"19,13,90,9",seg_00166,1,1,1.0,0.0,0.0,4.0,0.0,0.0,0.0,0.0,0.16267009629196316,0.0,0.9980769225579226,5.5626028611934215,0.5,"[(190, 0)]",2,title,0.0,1.0,0.0,-0.8792907458284752,0.0,0.975609756097561
"34,13,59,14",seg_00186,1,1,1.0,0.0,0.0,4.0,0.0,0.0,0.0,0.0,0.25798027609628793,0.0,0.9980769225579227,5.5626028611934215,0.5,"[(205, 0)]",2,title,0.0,1.0,0.0,-0.8792907458284752,0.0,0.975609756097561
"34,13,65,12",seg_00187,1,1,1.0,0.0,0.0,4.0,0.0,0.0,0.0,0.0,0.25798027609628793,0.0,0.9980769225579228,5.5626028611934215,0.5,"[(355, 0)]",2,title,0.0,1.0,0.0,-0.8792907458284752,0.0,0.9512195121951219
"35,13,36,8",seg_00191,1,1,1.0,0.0,0.0,4.0,0.0,0.0,0.0,0.0,2.1551002609821692,0.0,0.9980769225579226,5.5626028611934215,0.5,"[(60, 0)]",2,title,0.0,1.0,0.0,-0.8792907458284752,0.0,0.975609756097561
"35,13,66,12",seg_00195,1,1,1.0,0.0,0.0,4.0,0.0,0.0,0.0,0.0,0.16267009629196316,0.0,0.9980769225579229,5.5626028611934215,0.5,"[(365, 0)]",2,title,0.0,1.0,0.0,-0.8792907458284752,0.0,0.975609756097561
"35,13,75,14",seg_00196,1,1,1.0,0.0,0.0,4.0,0.0,0.0,0.0,0.0,0.16267009629196316,0.0,0.998076922557923,5.5626028611934215,0.5,"[(515, 0)]",2,title,0.0,1.0,0.0,-0.8792907458284752,0.0,0.975609756097561
"35,13,76,9",seg_00197,1,1,1.0,0.0,0.0,4.0,0.0,0.0,0.0,0.0,2.1551002609821692,0.0,0.9980769225579229,5.5626028611934215,0.5,"[(360, 0)]",2,title,0.0,1.0,0.0,-0.8792907458284752,0.0,0.975609756097561
"37,1,24,10,2,1",seg_00203,1,1,1.0,0.0,0.0,6.0,0.0,0.0,0.0,0.0,2.560565369090334,0.0,0.9980769225579227,5.5626028611934215,0.5,"[(384, 0)]",2,title,0.0,1.0,0.0,-0.8792907458284752,0.0,0.975609756097561
"76,9,62,9",seg_00253,1,1,1.0,0.0,0.0,4.0,0.0,0.0,0.0,0.0,0.16267009629196316,0.0,0.9980769225579228,5.5626028611934215,0.5,"[(413, 0)]",2,title,0.0,1.0,0.0,-0.8792907458284752,0.0,0.975609756097561
"76,9,85,9",seg_00254,1,1,1.0,0.0,0.0,4.0,0.0,0.0,0.0,0.0,0.16267009629196316,0.0,0.9980769225579222,5.5626028611934215,0.5,"[(143, 0)]",2,title,0.0,1.0,0.0,-0.8792907458284752,0.0,0.975609756097561
"8,9,39,9",seg_00259,1,1,1.0,0.0,0.0,4.0,0.0,0.0,0.0,0.0,0.25798027609628793,0.0,0.9980769225579227,5.5626028611934215,0.5,"[(193, 0)]",2,title,0.0,1.0,0.0,-0.8792907458284752,0.0,0.975609756097561
"8,9,85,9",seg_00265,1,1,1.0,0.0,0.0,4.0,0.0,0.0,0.0,0.0,0.25798027609628793,0.0,0.9980769225579226,5.5626028611934215,0.5,"[(463, 0)]",2,title,0.0,1.0,0.0,-0.8792907458284752,0.0,0.975609756097561
"9,9,85,9",seg_00273,1,1,1.0,0.0,0.0,4.0,0.0,0.0,0.0,0.0,0.03483672478207822,0.0,0.9980769225579226,5.5626028611934215,0.5,"[(180, 0)]",2,title,0.0,1.0,0.0,-0.8792907458284752,0.0,0.975609756097561
"90,9,39,9",seg_00275,1,1,1.0,0.0,0.0,4.0,0.0,0.0,0.0,0.0,0.16267009629196316,0.0,0.9980769225579228,5.5626028611934215,0.5,"[(353, 0)]",2,title,0.0,1.0,0.0,-0.8792907458284752,0.0,0.975609756097561
