seg_key,seg_id,freq,assigned_label,post_commodity,post_title,post_proper_name,stability
"12,75,86",seg_00136,1,commodity,1.0,0.0,3.6802324548901786e-30,1.0
"121,399",seg_00138,1,commodity,1.0,0.0,2.111576288856443e-31,1.0
"123,216,256,403",seg_00140,1,commodity,1.0,0.0,2.6051953312503875e-31,1.0
"123,32,320",seg_00143,1,commodity,1.0,0.0,1.2390720481476231e-31,1.0
"130,51,336",seg_00155,1,commodity,1.0,0.0,1.2817896659250035e-31,1.0
"130,51,364",seg_00156,1,commodity,1.0,0.0,2.0688116295645975e-31,1.0
"14,121",seg_00161,1,commodity,1.0,0.0,5.6977854022348654e-31,1.0
"15,287,104,97,162",seg_00172,1,commodity,1.0,0.0,8.990188449839632e-31,1.0
"15,48,398,59",seg_00174,1,commodity,1.0,0.0,4.6877221720676254e-30,1.0
"15,86",seg_00175,1,commodity,1.0,0.0,8.938655881494657e-31,1.0
"162,155",seg_00183,1,commodity,1.0,0.0,2.1115762888564133e-31,1.0
"162,17",seg_00184,1,commodity,1.0,0.0,2.111576288856443e-31,1.0
"162,403,72",seg_00201,1,commodity,1.0,0.0,5.582391109956298e-31,1.0
"162,87,245,245,99,54,28,244",seg_00204,1,commodity,1.0,0.0,1.5883692928259585e-29,1.0
"169,104",seg_00207,1,commodity,1.0,0.0,2.4304566674661827e-31,1.0
"169,183",seg_00214,1,commodity,1.0,0.0,2.111576288856443e-31,1.0
"169,194,89,336",seg_00215,1,commodity,1.0,0.0,5.133476727545052e-31,1.0
"169,293,182,389",seg_00227,1,commodity,1.0,0.0,4.604079039900977e-30,1.0
"171,121,121",seg_00233,1,commodity,1.0,0.0,1.3020721075091774e-31,1.0
"171,343,155",seg_00235,1,commodity,1.0,0.0,1.2390720481476231e-31,0.975609756097561
"176,180,175,307,244",seg_00253,1,commodity,1.0,0.0,8.99018844983976e-31,0.975609756097561
"176,330",seg_00259,1,commodity,1.0,0.0,2.111576288856443e-31,1.0
"176,68,86",seg_00261,1,commodity,1.0,0.0,3.962375047773256e-31,1.0
"180,149,104",seg_00263,1,commodity,1.0,0.0,2.0688116295645975e-31,1.0
"180,149,223",seg_00264,1,commodity,1.0,0.0,2.0688116295645975e-31,1.0
"180,175,252,391",seg_00266,1,commodity,1.0,0.0,4.604079039900977e-30,1.0
"180,178,89,336",seg_00268,1,commodity,1.0,0.0,4.548270735946724e-31,1.0
"180,343",seg_00269,1,commodity,1.0,0.0,2.111576288856443e-31,1.0
"180,54",seg_00271,1,commodity,1.0,0.0,2.1115762888564133e-31,0.975609756097561
"190,89",seg_00278,1,commodity,1.0,0.0,8.938655881494657e-31,1.0
"194,379",seg_00293,1,commodity,1.0,0.0,3.824548496843969e-30,1.0
"211,325,87",seg_00314,1,commodity,1.0,0.0,3.6802324548901786e-30,1.0
"211,67,86",seg_00319,1,commodity,1.0,0.0,4.4986313796215745e-31,1.0
"211,89,336,65,53,387",seg_00323,1,commodity,1.0,0.0,1.5001609379335585e-29,1.0
"230,175,343,249,87",seg_00335,1,commodity,1.0,0.0,2.561563657321069e-31,1.0
"230,175,65,343,162,17",seg_00336,1,commodity,1.0,0.0,5.224916662295315e-31,1.0
"230,87",seg_00344,1,commodity,1.0,0.0,1.802778311124488e-30,1.0
"233,153",seg_00345,1,commodity,1.0,0.0,1.2646850586411086e-31,1.0
"233,204",seg_00346,1,commodity,1.0,0.0,1.2646850586411086e-31,1.0
"233,245,143",seg_00347,1,commodity,1.0,0.0,1.2390720481476231e-31,1.0
"233,293",seg_00348,1,commodity,1.0,0.0,1.2646850586411086e-31,1.0
"242,211,70",seg_00354,1,commodity,1.0,0.0,5.582391109956377e-31,1.0
"245,245,155",seg_00358,1,commodity,1.0,0.0,2.0688116295645975e-31,1.0
"245,245,25,345",seg_00361,1,commodity,1.0,0.0,1.095604759587774e-30,0.975609756097561
"245,245,379,98",seg_00363,1,commodity,1.0,0.0,4.604079039900977e-30,1.0
"245,245,51",seg_00364,1,commodity,1.0,0.0,8.75762592045726e-31,1.0
"252,197,58",seg_00375,1,commodity,1.0,0.0,2.0688116295645975e-31,1.0
"252,206,387",seg_00376,1,commodity,1.0,0.0,2.0688116295645975e-31,1.0
"252,381,28,341",seg_00379,1,commodity,1.0,0.0,2.5881441941324275e-31,0.975609756097561
"254,222,342",seg_00382,1,commodity,1.0,0.0,3.7275727595868154e-31,1.0
"254,222,67",seg_00384,1,commodity,1.0,0.0,3.6802324548901786e-30,1.0
"28,175",seg_00395,1,commodity,1.0,0.0,2.1115762888564133e-31,1.0
"28,249",seg_00396,1,commodity,1.0,0.0,2.111576288856443e-31,1.0
"287,102,249",seg_00400,1,commodity,1.0,0.0,2.068811629564568e-31,1.0
"287,245",seg_00406,1,commodity,1.0,0.0,2.111576288856443e-31,1.0
"293,186",seg_00417,1,commodity,1.0,0.0,2.1115762888564133e-31,1.0
"324,124",seg_00450,1,commodity,1.0,0.0,3.756306991981453e-30,1.0
"336,249",seg_00459,1,commodity,1.0,0.0,2.111576288856443e-31,1.0
"336,67,65",seg_00461,1,commodity,1.0,0.0,4.4986313796215745e-31,1.0
"344,229,216,3",seg_00471,1,commodity,1.0,0.0,1.5501155744179432e-31,1.0
"344,255,371",seg_00473,1,commodity,1.0,0.0,1.2390720481476231e-31,1.0
"344,89,80",seg_00476,1,commodity,1.0,0.0,1.2390720481476231e-31,1.0
"345,27",seg_00477,1,commodity,1.0,0.0,1.3554533962766253e-31,1.0
"345,297,150",seg_00478,1,commodity,1.0,0.0,1.2817896659250035e-31,1.0
"345,345,25,98",seg_00479,1,commodity,1.0,0.0,4.604079039900977e-30,1.0
"381,159",seg_00522,1,commodity,1.0,0.0,2.111576288856443e-31,1.0
"381,18",seg_00523,1,commodity,1.0,0.0,2.111576288856443e-31,0.975609756097561
"391,328",seg_00529,1,commodity,1.0,0.0,2.111576288856443e-31,1.0
"40,102",seg_00532,1,commodity,1.0,0.0,8.938655881494657e-31,1.0
"402,268,307,397",seg_00534,1,commodity,1.0,0.0,2.5881441941323908e-31,1.0
"402,303,191",seg_00536,1,commodity,1.0,0.0,2.0688116295645975e-31,1.0
"402,307",seg_00537,1,commodity,1.0,0.0,2.1115762888564133e-31,1.0
"402,400,94",seg_00538,1,commodity,1.0,0.0,2.068811629564568e-31,1.0
"51,381,186,327",seg_00566,1,commodity,1.0,0.0,1.5501155744179432e-31,1.0
"53,152",seg_00568,1,commodity,1.0,0.0,1.2646850586411086e-31,1.0
"56,244",seg_00571,1,commodity,1.0,0.0,3.9341710115269177e-31,1.0
"59,104",seg_00578,1,commodity,1.0,0.0,1.3289873999675656e-31,1.0
"59,125,415",seg_00585,1,commodity,1.0,0.0,2.068811629564568e-31,1.0
"59,286,143",seg_00589,1,commodity,1.0,0.0,2.0688116295645975e-31,1.0
"59,87,343",seg_00591,1,commodity,1.0,0.0,1.2390720481476231e-31,1.0
"66,67,89,336",seg_00601,1,commodity,1.0,0.0,5.112604294691317e-31,1.0
"67,53,402",seg_00606,1,commodity,1.0,0.0,1.3280021017230495e-31,1.0
"70,53",seg_00613,1,commodity,1.0,0.0,1.3554533962766253e-31,0.975609756097561
"71,387",seg_00616,1,commodity,1.0,0.0,3.756306991981453e-30,1.0
"72,343,47",seg_00619,1,commodity,1.0,0.0,1.2817896659250035e-31,1.0
"8,48,245,205",seg_00639,1,commodity,1.0,0.0,6.17247779143068e-31,1.0
"86,134,261",seg_00658,1,commodity,1.0,0.0,2.0688116295645975e-31,1.0
"86,197",seg_00659,1,commodity,1.0,0.0,2.111576288856443e-31,1.0
"86,210",seg_00661,1,commodity,1.0,0.0,2.111576288856443e-31,1.0
"86,307",seg_00662,1,commodity,1.0,0.0,2.111576288856443e-31,1.0
"86,319",seg_00663,1,commodity,1.0,0.0,2.111576288856443e-31,1.0
"87,197,87",seg_00667,1,commodity,1.0,0.0,2.0688116295645975e-31,0.975609756097561
"89,336,65",seg_00677,1,commodity,1.0,0.0,1.722315190855837e-31,1.0
"91,86",seg_00687,1,commodity,1.0,0.0,8.938655881494657e-31,1.0
"98,134,261",seg_00698,1,commodity,1.0,0.0,2.0688116295645975e-31,1.0
"99,223,245,245,89",seg_00710,1,commodity,1.0,0.0,3.0423977228038823e-31,1.0
"99,234",seg_00711,1,commodity,1.0,0.0,1.2646850586411086e-31,1.0
"99,257,28,87",seg_00713,1,commodity,1.0,0.0,1.5501155744179432e-31,1.0
"99,267,375",seg_00718,1,commodity,1.0,0.0,1.2817896659250035e-31,1.0
"99,284",seg_00721,1,commodity,1.0,0.0,5.0359086550998854e-31,1.0
"99,375",seg_00731,1,commodity,1.0,0.0,1.2646850586411086e-31,1.0
"99,395,17",seg_00733,1,commodity,1.0,0.0,2.8333165844107923e-31,1.0
"99,54,19,87",seg_00738,1,commodity,1.0,0.0,2.6051953312503875e-31,1.0
"99,56,50",seg_00739,1,commodity,1.0,0.0,2.3812338892714133e-31,1.0
"99,59",seg_00740,1,commodity,1.0,0.0,1.2646850586411086e-31,1.0
"99,81,244",seg_00744,1,commodity,1.0,0.0,2.3812338892714133e-31,1.0
"99,89",seg_00745,1,commodity,1.0,0.0,1.802778311124488e-30,1.0
342,seg_00001,344,proper_name,0.0,0.0,1.0,0.975609756097561
"99,267",seg_00002,77,proper_name,0.0,0.0,1.0,1.0
99,seg_00003,71,proper_name,0.0,0.0,1.0,1.0
391,seg_00004,51,proper_name,0.0,0.0,1.0,1.0
"1,342",seg_00005,27,proper_name,0.0,0.0,1.0,1.0
59,seg_00006,25,proper_name,0.0,0.0,1.0,1.0
67,seg_00007,25,proper_name,0.0,0.0,1.0,1.0
"123,293",seg_00008,22,proper_name,0.0,0.0,1.0,1.0
"211,89,336",seg_00009,18,proper_name,0.0,0.0,1.0,1.0
53,seg_00010,17,proper_name,0.0,0.0,1.0,1.0
123,seg_00011,16,proper_name,0.0,0.0,1.0,1.0
"59,87",seg_00012,15,proper_name,0.0,0.0,1.0,1.0
72,seg_00013,15,proper_name,0.0,0.0,1.0,1.0
"123,150",seg_00014,14,proper_name,0.0,0.0,1.0,1.0
"211,59",seg_00015,11,proper_name,0.0,0.0,1.0,1.0
"67,65",seg_00016,11,proper_name,0.0,0.0,1.0,1.0
70,seg_00017,11,proper_name,0.0,0.0,1.0,1.0
"8,171",seg_00018,11,proper_name,0.0,0.0,1.0,1.0
"149,130,51",seg_00019,10,proper_name,0.0,0.0,1.0,0.975609756097561
121,seg_00020,9,proper_name,0.0,0.0,1.0,1.0
"254,216",seg_00021,8,proper_name,0.0,0.0,1.0,1.0
"123,216",seg_00022,7,proper_name,0.0,0.0,1.0,1.0
65,seg_00023,7,proper_name,0.0,0.0,1.0,1.0
"89,336",seg_00024,7,proper_name,0.0,0.0,1.0,1.0
387,seg_00025,6,proper_name,0.0,0.0,1.0,1.0
87,seg_00026,6,proper_name,0.0,0.0,1.0,1.0
98,seg_00027,6,proper_name,0.0,0.0,1.0,1.0
171,seg_00028,5,proper_name,0.0,0.0,1.0,1.0
"171,53",seg_00029,5,proper_name,0.0,0.0,1.0,1.0
"211,155",seg_00030,5,proper_name,0.0,0.0,1.0,1.0
"230,175",seg_00031,5,proper_name,0.0,0.0,1.0,1.0
267,seg_00032,5,proper_name,0.0,0.0,1.0,1.0
343,seg_00033,5,proper_name,0.0,0.0,1.0,1.0
"87,403",seg_00034,5,proper_name,0.0,0.0,1.0,1.0
"97,391",seg_00035,5,proper_name,0.0,0.0,1.0,1.0
"139,342",seg_00036,4,proper_name,0.0,0.0,1.0,1.0
"15,389,178,98",seg_00037,4,proper_name,0.0,0.0,1.0,0.975609756097561
"162,249",seg_00038,4,proper_name,0.0,0.0,1.0,1.0
"169,124",seg_00039,4,proper_name,0.0,0.0,1.0,1.0
233,seg_00040,4,proper_name,0.0,0.0,1.0,1.0
249,seg_00041,4,proper_name,0.0,0.0,1.0,1.0
"284,87",seg_00042,4,proper_name,0.0,0.0,1.0,1.0
"67,53",seg_00043,4,proper_name,0.0,0.0,1.0,1.0
"123,412",seg_00044,3,proper_name,0.0,0.0,1.0,1.0
124,seg_00045,3,proper_name,0.0,0.0,1.0,1.0
"162,102",seg_00046,3,proper_name,0.0,0.0,1.0,1.0
"169,407,17",seg_00047,3,proper_name,0.0,0.0,1.0,1.0
17,seg_00048,3,proper_name,0.0,0.0,1.0,1.0
"171,387",seg_00049,3,proper_name,0.0,0.0,1.0,1.0
"176,1,342",seg_00050,3,proper_name,0.0,0.0,1.0,1.0
"194,112,89,336",seg_00051,3,proper_name,0.0,0.0,1.0,1.0
"211,72",seg_00052,3,proper_name,0.0,0.0,1.0,1.0
"211,72,387",seg_00053,3,proper_name,0.0,0.0,1.0,1.0
"230,204",seg_00054,3,proper_name,0.0,0.0,1.0,1.0
244,seg_00055,3,proper_name,0.0,0.0,1.0,0.975609756097561
293,seg_00056,3,proper_name,0.0,0.0,1.0,1.0
"293,17",seg_00057,3,proper_name,0.0,0.0,1.0,1.0
"294,87",seg_00058,3,proper_name,0.0,0.0,1.0,1.0
341,seg_00059,3,proper_name,0.0,0.0,1.0,1.0
345,seg_00060,3,proper_name,0.0,0.0,1.0,1.0
"347,65",seg_00061,3,proper_name,0.0,0.0,1.0,1.0
"402,267",seg_00062,3,proper_name,0.0,0.0,1.0,1.0
"48,99,267",seg_00063,3,proper_name,0.0,0.0,1.0,1.0
"72,387",seg_00064,3,proper_name,0.0,0.0,1.0,1.0
89,seg_00065,3,proper_name,0.0,0.0,1.0,1.0
"96,409,124",seg_00066,3,proper_name,0.0,0.0,1.0,1.0
97,seg_00067,3,proper_name,0.0,0.0,1.0,1.0
"99,267,238",seg_00068,3,proper_name,0.0,0.0,1.0,1.0
"135,123,150",seg_00069,2,proper_name,0.0,0.0,1.0,1.0
"149,123,216",seg_00070,2,proper_name,0.0,0.0,1.0,1.0
"15,102",seg_00071,2,proper_name,0.0,0.0,1.0,1.0
"15,389,178",seg_00072,2,proper_name,0.0,0.0,1.0,1.0
"162,18",seg_00073,2,proper_name,0.0,0.0,1.0,0.975609756097561
"162,249,155,87",seg_00074,2,proper_name,0.0,0.0,1.0,1.0
"162,249,72",seg_00075,2,proper_name,0.0,0.0,1.0,1.0
"162,28,244,87",seg_00076,2,proper_name,0.0,0.0,1.0,1.0
"169,104,97",seg_00077,2,proper_name,0.0,0.0,1.0,1.0
"169,249,65",seg_00078,2,proper_name,0.0,0.0,1.0,1.0
"169,28",seg_00079,2,proper_name,0.0,0.0,1.0,1.0
"169,87",seg_00080,2,proper_name,0.0,0.0,1.0,1.0
"171,389",seg_00081,2,proper_name,0.0,0.0,1.0,1.0
"173,97",seg_00082,2,proper_name,0.0,0.0,1.0,1.0
"174,98",seg_00083,2,proper_name,0.0,0.0,1.0,1.0
"176,25,124",seg_00084,2,proper_name,0.0,0.0,1.0,1.0
"176,342",seg_00085,2,proper_name,0.0,0.0,1.0,1.0
"186,261",seg_00086,2,proper_name,0.0,0.0,1.0,1.0
"211,293,293,17",seg_00087,2,proper_name,0.0,0.0,1.0,1.0
"211,67,343",seg_00088,2,proper_name,0.0,0.0,1.0,1.0
"211,89,336,65",seg_00089,2,proper_name,0.0,0.0,1.0,1.0
"228,123,150",seg_00090,2,proper_name,0.0,0.0,1.0,1.0
"242,342",seg_00091,2,proper_name,0.0,0.0,1.0,0.975609756097561
"249,197",seg_00092,2,proper_name,0.0,0.0,1.0,1.0
"25,124",seg_00093,2,proper_name,0.0,0.0,1.0,1.0
"287,373,72,53",seg_00094,2,proper_name,0.0,0.0,1.0,1.0
336,seg_00095,2,proper_name,0.0,0.0,1.0,1.0
344,seg_00096,2,proper_name,0.0,0.0,1.0,1.0
"344,123,293",seg_00097,2,proper_name,0.0,0.0,1.0,1.0
"347,127",seg_00098,2,proper_name,0.0,0.0,1.0,1.0
"347,336",seg_00099,2,proper_name,0.0,0.0,1.0,1.0
"347,98",seg_00100,2,proper_name,0.0,0.0,1.0,1.0
"348,67",seg_00101,2,proper_name,0.0,0.0,1.0,1.0
389,seg_00102,2,proper_name,0.0,0.0,1.0,1.0
"51,336",seg_00103,2,proper_name,0.0,0.0,1.0,1.0
"53,65",seg_00104,2,proper_name,0.0,0.0,1.0,1.0
"59,102",seg_00105,2,proper_name,0.0,0.0,1.0,1.0
"59,87,389",seg_00106,2,proper_name,0.0,0.0,1.0,1.0
"60,87",seg_00107,2,proper_name,0.0,0.0,1.0,1.0
"67,343",seg_00108,2,proper_name,0.0,0.0,1.0,1.0
"67,387",seg_00109,2,proper_name,0.0,0.0,1.0,0.975609756097561
"67,65,389",seg_00110,2,proper_name,0.0,0.0,1.0,1.0
"70,389",seg_00111,2,proper_name,0.0,0.0,1.0,1.0
"72,65",seg_00112,2,proper_name,0.0,0.0,1.0,1.0
"8,17,102",seg_00113,2,proper_name,0.0,0.0,1.0,1.0
"8,59",seg_00114,2,proper_name,0.0,0.0,1.0,1.0
"98,293",seg_00115,2,proper_name,0.0,0.0,1.0,1.0
"99,210,86",seg_00116,2,proper_name,0.0,0.0,1.0,1.0
"99,34",seg_00117,2,proper_name,0.0,0.0,1.0,1.0
"1,1",seg_00118,1,proper_name,0.0,0.0,1.0,1.0
"1,397",seg_00119,1,proper_name,0.0,0.0,1.0,1.0
"100,149,301",seg_00120,1,proper_name,0.0,0.0,1.0,1.0
"100,162,28,54",seg_00121,1,proper_name,0.0,0.0,1.0,1.0
"100,26",seg_00122,1,proper_name,0.0,0.0,1.0,1.0
"100,61,293,17",seg_00123,1,proper_name,0.0,0.0,1.0,1.0
"102,97",seg_00124,1,proper_name,0.0,0.0,1.0,0.975609756097561
"109,99,173,216",seg_00125,1,proper_name,0.0,0.0,1.0,1.0
"110,204,247,136",seg_00127,1,proper_name,0.0,0.0,1.0,0.975609756097561
"113,343,302,198",seg_00128,1,proper_name,0.0,0.0,1.0,1.0
"12,124",seg_00129,1,proper_name,0.0,0.0,1.0,0.975609756097561
"12,162,249",seg_00130,1,proper_name,0.0,0.0,1.0,0.975609756097561
"12,162,249,287",seg_00131,1,proper_name,0.0,0.0,1.0,0.975609756097561
"12,162,249,343",seg_00132,1,proper_name,0.0,0.0,1.0,0.975609756097561
"12,193,136,99",seg_00133,1,proper_name,0.0,0.0,1.0,0.975609756097561
"12,347,59,102",seg_00134,1,proper_name,0.0,0.0,1.0,0.975609756097561
"12,72,387",seg_00135,1,proper_name,0.0,0.0,1.0,0.975609756097561
"12,84,25,99",seg_00137,1,proper_name,0.0,0.0,1.0,0.975609756097561
"123,195",seg_00139,1,proper_name,0.0,0.0,1.0,1.0
"123,286",seg_00141,1,proper_name,0.0,0.0,1.0,1.0
"123,305",seg_00142,1,proper_name,0.0,0.0,1.0,1.0
"125,16",seg_00144,1,proper_name,0.0,0.0,1.0,1.0
"126,245,77,293",seg_00145,1,proper_name,0.0,0.0,1.0,0.975609756097561
"126,342",seg_00146,1,proper_name,0.0,0.0,1.0,0.975609756097561
"128,327,17",seg_00150,1,proper_name,0.0,0.0,1.0,1.0
"128,327,72,53,389",seg_00151,1,proper_name,0.0,0.0,1.0,1.0
"137,102,343,155,51",seg_00160,1,proper_name,0.0,0.0,1.0,1.0
"14,162,249,86,343",seg_00162,1,proper_name,0.0,0.0,1.0,0.975609756097561
"14,2,211,89,336",seg_00163,1,proper_name,0.0,0.0,1.0,0.9512195121951219
"14,72",seg_00164,1,proper_name,0.0,0.0,1.0,0.975609756097561
"14,75,98",seg_00165,1,proper_name,0.0,0.0,1.0,0.975609756097561
"140,8,194,112",seg_00166,1,proper_name,0.0,0.0,1.0,1.0
"149,130,51,72",seg_00170,1,proper_name,0.0,0.0,1.0,1.0
"15,389,178,169,407",seg_00173,1,proper_name,0.0,0.0,1.0,0.975609756097561
"155,249",seg_00177,1,proper_name,0.0,0.0,1.0,0.975609756097561
"161,86",seg_00178,1,proper_name,0.0,0.0,1.0,0.975609756097561
"162,104,99,400",seg_00179,1,proper_name,0.0,0.0,1.0,0.975609756097561
"162,109,99",seg_00180,1,proper_name,0.0,0.0,1.0,0.975609756097561
"162,112,343",seg_00181,1,proper_name,0.0,0.0,1.0,0.9512195121951219
"162,112,99",seg_00182,1,proper_name,0.0,0.0,1.0,0.975609756097561
"162,204",seg_00185,1,proper_name,0.0,0.0,1.0,0.975609756097561
"162,249,123,305",seg_00186,1,proper_name,0.0,0.0,1.0,1.0
"162,249,343,160,59",seg_00188,1,proper_name,0.0,0.0,1.0,1.0
"162,249,343,162,373",seg_00189,1,proper_name,0.0,0.0,1.0,1.0
"162,249,343,328",seg_00190,1,proper_name,0.0,0.0,1.0,1.0
"162,249,59,102",seg_00191,1,proper_name,0.0,0.0,1.0,1.0
"162,249,72,70,343",seg_00195,1,proper_name,0.0,0.0,1.0,1.0
"162,287,234",seg_00198,1,proper_name,0.0,0.0,1.0,1.0
"162,335",seg_00199,1,proper_name,0.0,0.0,1.0,0.975609756097561
"162,391",seg_00200,1,proper_name,0.0,0.0,1.0,0.975609756097561
"162,406,17",seg_00202,1,proper_name,0.0,0.0,1.0,0.975609756097561
"162,50",seg_00203,1,proper_name,0.0,0.0,1.0,1.0
"168,127,66,72",seg_00205,1,proper_name,0.0,0.0,1.0,0.975609756097561
"168,249",seg_00206,1,proper_name,0.0,0.0,1.0,1.0
"169,104,97,345",seg_00208,1,proper_name,0.0,0.0,1.0,0.975609756097561
"169,106,97",seg_00209,1,proper_name,0.0,0.0,1.0,0.975609756097561
"169,106,97,345",seg_00210,1,proper_name,0.0,0.0,1.0,0.975609756097561
"169,106,99,267",seg_00211,1,proper_name,0.0,0.0,1.0,0.975609756097561
"169,124,155,87",seg_00212,1,proper_name,0.0,0.0,1.0,0.975609756097561
"169,124,89,336",seg_00213,1,proper_name,0.0,0.0,1.0,0.975609756097561
"169,249,28,343",seg_00217,1,proper_name,0.0,0.0,1.0,0.975609756097561
"169,249,59,87,389",seg_00223,1,proper_name,0.0,0.0,1.0,1.0
"169,249,87,343,254",seg_00225,1,proper_name,0.0,0.0,1.0,1.0
"169,396,400",seg_00228,1,proper_name,0.0,0.0,1.0,1.0
"169,397,59",seg_00229,1,proper_name,0.0,0.0,1.0,0.975609756097561
"169,407,145,342",seg_00230,1,proper_name,0.0,0.0,1.0,0.975609756097561
"17,319",seg_00232,1,proper_name,0.0,0.0,1.0,0.975609756097561
"171,389,344",seg_00236,1,proper_name,0.0,0.0,1.0,1.0
"171,53,387",seg_00238,1,proper_name,0.0,0.0,1.0,1.0
"171,53,389",seg_00239,1,proper_name,0.0,0.0,1.0,1.0
"173,97,224",seg_00243,1,proper_name,0.0,0.0,1.0,0.975609756097561
"174,28,381,89",seg_00244,1,proper_name,0.0,0.0,1.0,1.0
"175,1,175",seg_00245,1,proper_name,0.0,0.0,1.0,0.975609756097561
"175,28,381",seg_00246,1,proper_name,0.0,0.0,1.0,0.975609756097561
"175,97",seg_00247,1,proper_name,0.0,0.0,1.0,0.975609756097561
"175,98",seg_00248,1,proper_name,0.0,0.0,1.0,0.975609756097561
"176,10,245,245,121",seg_00249,1,proper_name,0.0,0.0,1.0,0.975609756097561
"176,175,86,215",seg_00250,1,proper_name,0.0,0.0,1.0,1.0
"176,176,384,323,323",seg_00251,1,proper_name,0.0,0.0,1.0,0.975609756097561
"176,176,391",seg_00252,1,proper_name,0.0,0.0,1.0,0.975609756097561
"176,234,204",seg_00255,1,proper_name,0.0,0.0,1.0,0.975609756097561
"176,25,99,398",seg_00256,1,proper_name,0.0,0.0,1.0,1.0
"176,252,189,28,87",seg_00257,1,proper_name,0.0,0.0,1.0,0.975609756097561
"176,319,287,241",seg_00258,1,proper_name,0.0,0.0,1.0,1.0
"176,51",seg_00260,1,proper_name,0.0,0.0,1.0,0.975609756097561
"180,175,249,87",seg_00265,1,proper_name,0.0,0.0,1.0,0.975609756097561
"180,175,357,87",seg_00267,1,proper_name,0.0,0.0,1.0,0.975609756097561
"180,54,293,17",seg_00272,1,proper_name,0.0,0.0,1.0,1.0
182,seg_00273,1,proper_name,0.0,0.0,1.0,1.0
"186,304,98",seg_00275,1,proper_name,0.0,0.0,1.0,0.975609756097561
"187,403",seg_00276,1,proper_name,0.0,0.0,1.0,1.0
"190,102,343",seg_00277,1,proper_name,0.0,0.0,1.0,0.975609756097561
"193,136,293,17",seg_00280,1,proper_name,0.0,0.0,1.0,1.0
"193,258,48,97,391",seg_00283,1,proper_name,0.0,0.0,1.0,1.0
"194,112,287",seg_00287,1,proper_name,0.0,0.0,1.0,1.0
"194,112,99,256,245,330",seg_00290,1,proper_name,0.0,0.0,1.0,1.0
"194,112,99,267",seg_00291,1,proper_name,0.0,0.0,1.0,1.0
"194,59,87",seg_00295,1,proper_name,0.0,0.0,1.0,0.975609756097561
"197,112,124,123,94",seg_00298,1,proper_name,0.0,0.0,1.0,1.0
"205,211,70,402,267",seg_00305,1,proper_name,0.0,0.0,1.0,1.0
"206,175",seg_00306,1,proper_name,0.0,0.0,1.0,0.975609756097561
"211,155,204",seg_00307,1,proper_name,0.0,0.0,1.0,0.975609756097561
"211,155,301,344,245",seg_00308,1,proper_name,0.0,0.0,1.0,0.975609756097561
"211,155,65",seg_00309,1,proper_name,0.0,0.0,1.0,0.975609756097561
"211,176,175",seg_00310,1,proper_name,0.0,0.0,1.0,0.975609756097561
"211,176,175,86",seg_00311,1,proper_name,0.0,0.0,1.0,0.975609756097561
"211,18,89,336",seg_00312,1,proper_name,0.0,0.0,1.0,0.975609756097561
"211,230,205,99",seg_00313,1,proper_name,0.0,0.0,1.0,0.975609756097561
"211,59,86",seg_00315,1,proper_name,0.0,0.0,1.0,0.975609756097561
"211,67",seg_00317,1,proper_name,0.0,0.0,1.0,0.975609756097561
"211,70",seg_00321,1,proper_name,0.0,0.0,1.0,0.975609756097561
"211,89",seg_00322,1,proper_name,0.0,0.0,1.0,0.975609756097561
"211,98,343",seg_00324,1,proper_name,0.0,0.0,1.0,0.975609756097561
"212,402",seg_00325,1,proper_name,0.0,0.0,1.0,0.9512195121951219
"219,194,194",seg_00328,1,proper_name,0.0,0.0,1.0,1.0
"224,342",seg_00330,1,proper_name,0.0,0.0,1.0,0.975609756097561
"224,65,387",seg_00331,1,proper_name,0.0,0.0,1.0,0.975609756097561
"230,253",seg_00338,1,proper_name,0.0,0.0,1.0,1.0
"230,253,302,264",seg_00339,1,proper_name,0.0,0.0,1.0,1.0
"230,253,59,125,164",seg_00341,1,proper_name,0.0,0.0,1.0,1.0
"233,391",seg_00349,1,proper_name,0.0,0.0,1.0,1.0
234,seg_00351,1,proper_name,0.0,0.0,1.0,1.0
242,seg_00352,1,proper_name,0.0,0.0,1.0,1.0
"242,211,155",seg_00353,1,proper_name,0.0,0.0,1.0,0.975609756097561
245,seg_00355,1,proper_name,0.0,0.0,1.0,0.975609756097561
"245,205,99,384",seg_00357,1,proper_name,0.0,0.0,1.0,1.0
"245,245,25,326,87",seg_00360,1,proper_name,0.0,0.0,1.0,0.975609756097561
"245,245,25,98",seg_00362,1,proper_name,0.0,0.0,1.0,0.975609756097561
"245,245,75",seg_00365,1,proper_name,0.0,0.0,1.0,0.975609756097561
"245,245,75,336",seg_00366,1,proper_name,0.0,0.0,1.0,0.975609756097561
"245,245,75,86",seg_00367,1,proper_name,0.0,0.0,1.0,0.975609756097561
"245,25,98,345",seg_00368,1,proper_name,0.0,0.0,1.0,1.0
"245,25,98,59",seg_00369,1,proper_name,0.0,0.0,1.0,0.975609756097561
"247,48,89,336,72",seg_00370,1,proper_name,0.0,0.0,1.0,1.0
"249,310,17,215",seg_00372,1,proper_name,0.0,0.0,1.0,1.0
"249,336,197",seg_00373,1,proper_name,0.0,0.0,1.0,0.975609756097561
"25,124,86,343,28,197",seg_00374,1,proper_name,0.0,0.0,1.0,1.0
"252,303",seg_00377,1,proper_name,0.0,0.0,1.0,1.0
"252,347,336,244",seg_00378,1,proper_name,0.0,0.0,1.0,1.0
"252,391",seg_00380,1,proper_name,0.0,0.0,1.0,0.975609756097561
"254,222,121",seg_00381,1,proper_name,0.0,0.0,1.0,0.975609756097561
"254,222,65",seg_00383,1,proper_name,0.0,0.0,1.0,0.975609756097561
"254,222,89,336,65",seg_00386,1,proper_name,0.0,0.0,1.0,0.975609756097561
"259,387,247,124",seg_00388,1,proper_name,0.0,0.0,1.0,1.0
"259,72,65,121",seg_00389,1,proper_name,0.0,0.0,1.0,1.0
"261,87,225,343",seg_00390,1,proper_name,0.0,0.0,1.0,0.975609756097561
"267,180,249",seg_00391,1,proper_name,0.0,0.0,1.0,0.975609756097561
"267,205,402,267",seg_00392,1,proper_name,0.0,0.0,1.0,0.975609756097561
"267,76,375",seg_00393,1,proper_name,0.0,0.0,1.0,0.975609756097561
"28,130,51",seg_00394,1,proper_name,0.0,0.0,1.0,0.975609756097561
"287,102,245,204",seg_00399,1,proper_name,0.0,0.0,1.0,1.0
"287,106,343,162,28",seg_00403,1,proper_name,0.0,0.0,1.0,1.0
"287,214",seg_00405,1,proper_name,0.0,0.0,1.0,1.0
"287,264",seg_00407,1,proper_name,0.0,0.0,1.0,1.0
"287,373,89,336,65",seg_00410,1,proper_name,0.0,0.0,1.0,1.0
"29,323,323,180,249",seg_00411,1,proper_name,0.0,0.0,1.0,0.975609756097561
"293,127,150",seg_00413,1,proper_name,0.0,0.0,1.0,0.975609756097561
"293,17,300",seg_00414,1,proper_name,0.0,0.0,1.0,1.0
"293,182",seg_00415,1,proper_name,0.0,0.0,1.0,0.975609756097561
"293,293,293",seg_00418,1,proper_name,0.0,0.0,1.0,1.0
"293,336",seg_00419,1,proper_name,0.0,0.0,1.0,0.975609756097561
"294,87,343,57",seg_00425,1,proper_name,0.0,0.0,1.0,1.0
"296,343,162,249",seg_00429,1,proper_name,0.0,0.0,1.0,1.0
"296,389,343,209,336",seg_00430,1,proper_name,0.0,0.0,1.0,1.0
"296,67,65,389",seg_00435,1,proper_name,0.0,0.0,1.0,1.0
"301,402,307,328",seg_00440,1,proper_name,0.0,0.0,1.0,1.0
"302,123,150",seg_00441,1,proper_name,0.0,0.0,1.0,1.0
"302,373,373",seg_00442,1,proper_name,0.0,0.0,1.0,1.0
307,seg_00443,1,proper_name,0.0,0.0,1.0,0.975609756097561
"307,249",seg_00444,1,proper_name,0.0,0.0,1.0,0.975609756097561
"307,249,307,307,245",seg_00445,1,proper_name,0.0,0.0,1.0,1.0
"307,400",seg_00446,1,proper_name,0.0,0.0,1.0,0.975609756097561
"319,287,123,32,197",seg_00447,1,proper_name,0.0,0.0,1.0,1.0
"319,343,86",seg_00448,1,proper_name,0.0,0.0,1.0,0.975609756097561
"322,99,267",seg_00449,1,proper_name,0.0,0.0,1.0,1.0
"327,390,89,336",seg_00455,1,proper_name,0.0,0.0,1.0,1.0
"334,169,407,66,100,303,28",seg_00457,1,proper_name,0.0,0.0,1.0,1.0
"334,249,97,307",seg_00458,1,proper_name,0.0,0.0,1.0,0.975609756097561
"336,375,294,407,65",seg_00460,1,proper_name,0.0,0.0,1.0,0.975609756097561
"340,47,99,267",seg_00462,1,proper_name,0.0,0.0,1.0,1.0
"343,244",seg_00463,1,proper_name,0.0,0.0,1.0,1.0
"343,245,127,59",seg_00464,1,proper_name,0.0,0.0,1.0,1.0
"343,291",seg_00465,1,proper_name,0.0,0.0,1.0,1.0
"343,328",seg_00466,1,proper_name,0.0,0.0,1.0,1.0
"343,329,287,102",seg_00467,1,proper_name,0.0,0.0,1.0,1.0
"343,355",seg_00468,1,proper_name,0.0,0.0,1.0,1.0
"343,53",seg_00469,1,proper_name,0.0,0.0,1.0,0.9512195121951219
"344,186,87",seg_00470,1,proper_name,0.0,0.0,1.0,1.0
"344,245,323",seg_00472,1,proper_name,0.0,0.0,1.0,1.0
"344,293,182",seg_00474,1,proper_name,0.0,0.0,1.0,1.0
"344,323",seg_00475,1,proper_name,0.0,0.0,1.0,1.0
"347,112,204",seg_00480,1,proper_name,0.0,0.0,1.0,1.0
"347,127,123,216",seg_00481,1,proper_name,0.0,0.0,1.0,1.0
"347,155,301,186,72",seg_00484,1,proper_name,0.0,0.0,1.0,1.0
"347,245,204,343",seg_00490,1,proper_name,0.0,0.0,1.0,1.0
"347,258,97,214,249",seg_00491,1,proper_name,0.0,0.0,1.0,1.0
"347,258,99,267",seg_00492,1,proper_name,0.0,0.0,1.0,1.0
"347,403,173,47,344",seg_00495,1,proper_name,0.0,0.0,1.0,1.0
"347,403,217,102",seg_00496,1,proper_name,0.0,0.0,1.0,1.0
"347,403,217,99,267",seg_00497,1,proper_name,0.0,0.0,1.0,1.0
"347,59,109,325,343,195,147",seg_00498,1,proper_name,0.0,0.0,1.0,1.0
"347,89,336,65",seg_00502,1,proper_name,0.0,0.0,1.0,1.0
"347,98,343,162,87",seg_00504,1,proper_name,0.0,0.0,1.0,1.0
"358,127,59,87,53",seg_00510,1,proper_name,0.0,0.0,1.0,1.0
"358,70,65",seg_00511,1,proper_name,0.0,0.0,1.0,1.0
"358,98,89,336",seg_00512,1,proper_name,0.0,0.0,1.0,1.0
37,seg_00515,1,proper_name,0.0,0.0,1.0,1.0
"373,127,373",seg_00516,1,proper_name,0.0,0.0,1.0,0.975609756097561
"375,294",seg_00517,1,proper_name,0.0,0.0,1.0,0.975609756097561
"381,219",seg_00524,1,proper_name,0.0,0.0,1.0,1.0
"381,391,17,391",seg_00525,1,proper_name,0.0,0.0,1.0,1.0
"381,86",seg_00526,1,proper_name,0.0,0.0,1.0,1.0
"387,343,79",seg_00527,1,proper_name,0.0,0.0,1.0,1.0
"391,209,336",seg_00528,1,proper_name,0.0,0.0,1.0,1.0
"391,391",seg_00530,1,proper_name,0.0,0.0,1.0,0.975609756097561
"395,137,97,402",seg_00531,1,proper_name,0.0,0.0,1.0,0.975609756097561
"402,30",seg_00535,1,proper_name,0.0,0.0,1.0,1.0
"402,76",seg_00539,1,proper_name,0.0,0.0,1.0,1.0
"402,78,95",seg_00540,1,proper_name,0.0,0.0,1.0,1.0
"403,202",seg_00542,1,proper_name,0.0,0.0,1.0,1.0
"404,93,250,86",seg_00543,1,proper_name,0.0,0.0,1.0,0.975609756097561
"409,202,161",seg_00545,1,proper_name,0.0,0.0,1.0,1.0
"415,86,134,17,244,336",seg_00546,1,proper_name,0.0,0.0,1.0,0.975609756097561
"48,162,1,162",seg_00549,1,proper_name,0.0,0.0,1.0,1.0
"48,343,162,28",seg_00552,1,proper_name,0.0,0.0,1.0,1.0
"48,344,123,293",seg_00553,1,proper_name,0.0,0.0,1.0,1.0
"48,345,127,245,245",seg_00554,1,proper_name,0.0,0.0,1.0,1.0
"48,72,387",seg_00557,1,proper_name,0.0,0.0,1.0,1.0
"48,97,402,267,417",seg_00560,1,proper_name,0.0,0.0,1.0,1.0
"51,173",seg_00562,1,proper_name,0.0,0.0,1.0,1.0
"53,389,343,213,261",seg_00569,1,proper_name,0.0,0.0,1.0,1.0
"58,182",seg_00573,1,proper_name,0.0,0.0,1.0,1.0
"58,332,89,264",seg_00577,1,proper_name,0.0,0.0,1.0,0.975609756097561
"59,109,86,298,215",seg_00580,1,proper_name,0.0,0.0,1.0,1.0
"59,125,127,233",seg_00582,1,proper_name,0.0,0.0,1.0,1.0
"59,125,186",seg_00583,1,proper_name,0.0,0.0,1.0,1.0
"59,125,400",seg_00584,1,proper_name,0.0,0.0,1.0,1.0
"59,171",seg_00587,1,proper_name,0.0,0.0,1.0,1.0
"59,229,343",seg_00588,1,proper_name,0.0,0.0,1.0,1.0
"59,87,123",seg_00590,1,proper_name,0.0,0.0,1.0,1.0
"59,87,343,379",seg_00592,1,proper_name,0.0,0.0,1.0,1.0
"60,87,53",seg_00594,1,proper_name,0.0,0.0,1.0,0.975609756097561
"62,48,123,293",seg_00595,1,proper_name,0.0,0.0,1.0,0.975609756097561
"62,99,57,216,162",seg_00598,1,proper_name,0.0,0.0,1.0,1.0
"65,343,195,402",seg_00599,1,proper_name,0.0,0.0,1.0,1.0
"67,343,290,290",seg_00602,1,proper_name,0.0,0.0,1.0,1.0
"67,343,303",seg_00603,1,proper_name,0.0,0.0,1.0,1.0
"67,343,50",seg_00604,1,proper_name,0.0,0.0,1.0,1.0
"67,387,343,160,59,84",seg_00605,1,proper_name,0.0,0.0,1.0,1.0
"67,53,99",seg_00607,1,proper_name,0.0,0.0,1.0,1.0
"67,65,343,202",seg_00608,1,proper_name,0.0,0.0,1.0,1.0
"67,65,387",seg_00609,1,proper_name,0.0,0.0,1.0,1.0
"68,343",seg_00612,1,proper_name,0.0,0.0,1.0,0.975609756097561
"71,342",seg_00615,1,proper_name,0.0,0.0,1.0,0.975609756097561
"72,343,302,198",seg_00618,1,proper_name,0.0,0.0,1.0,1.0
"72,65,343,379,398",seg_00623,1,proper_name,0.0,0.0,1.0,1.0
"72,65,375",seg_00624,1,proper_name,0.0,0.0,1.0,1.0
"74,343",seg_00626,1,proper_name,0.0,0.0,1.0,1.0
"8,171,17,264",seg_00628,1,proper_name,0.0,0.0,1.0,1.0
"8,171,89,329",seg_00632,1,proper_name,0.0,0.0,1.0,1.0
"8,194,343,403",seg_00633,1,proper_name,0.0,0.0,1.0,1.0
"8,204,336",seg_00634,1,proper_name,0.0,0.0,1.0,1.0
"8,234,97,391",seg_00635,1,proper_name,0.0,0.0,1.0,1.0
"8,294,341,59",seg_00636,1,proper_name,0.0,0.0,1.0,0.975609756097561
"8,48,169,116",seg_00638,1,proper_name,0.0,0.0,1.0,1.0
"8,48,343,245,245",seg_00640,1,proper_name,0.0,0.0,1.0,1.0
"8,48,403,103,99,267",seg_00641,1,proper_name,0.0,0.0,1.0,1.0
"8,48,99,267,309,341",seg_00643,1,proper_name,0.0,0.0,1.0,1.0
"8,59,87,343,203",seg_00645,1,proper_name,0.0,0.0,1.0,1.0
"8,67,343,329,287,102",seg_00647,1,proper_name,0.0,0.0,1.0,1.0
"8,67,65,343,47,22",seg_00648,1,proper_name,0.0,0.0,1.0,1.0
"8,98,127,344,123,293",seg_00652,1,proper_name,0.0,0.0,1.0,1.0
"81,17,100",seg_00653,1,proper_name,0.0,0.0,1.0,1.0
"81,375,375,343,50",seg_00655,1,proper_name,0.0,0.0,1.0,1.0
"84,55,127",seg_00657,1,proper_name,0.0,0.0,1.0,1.0
"86,49,336",seg_00664,1,proper_name,0.0,0.0,1.0,0.975609756097561
"86,59",seg_00665,1,proper_name,0.0,0.0,1.0,0.975609756097561
"87,17,107",seg_00666,1,proper_name,0.0,0.0,1.0,1.0
"87,288,102",seg_00668,1,proper_name,0.0,0.0,1.0,1.0
"87,367,261",seg_00669,1,proper_name,0.0,0.0,1.0,1.0
"87,391",seg_00670,1,proper_name,0.0,0.0,1.0,0.975609756097561
"87,403,343,195,146",seg_00672,1,proper_name,0.0,0.0,1.0,1.0
"87,403,89,336,53",seg_00675,1,proper_name,0.0,0.0,1.0,1.0
"89,327",seg_00676,1,proper_name,0.0,0.0,1.0,1.0
"89,336,65,121",seg_00678,1,proper_name,0.0,0.0,1.0,1.0
"89,336,67",seg_00680,1,proper_name,0.0,0.0,1.0,1.0
"9,264",seg_00682,1,proper_name,0.0,0.0,1.0,1.0
"9,298,215",seg_00684,1,proper_name,0.0,0.0,1.0,1.0
"9,99,267",seg_00686,1,proper_name,0.0,0.0,1.0,1.0
"97,10,75",seg_00689,1,proper_name,0.0,0.0,1.0,1.0
"97,127",seg_00690,1,proper_name,0.0,0.0,1.0,1.0
"97,180",seg_00692,1,proper_name,0.0,0.0,1.0,0.975609756097561
"97,214,302",seg_00693,1,proper_name,0.0,0.0,1.0,1.0
"97,252,197,240,18",seg_00694,1,proper_name,0.0,0.0,1.0,1.0
"97,293,400",seg_00695,1,proper_name,0.0,0.0,1.0,1.0
"97,336,197",seg_00696,1,proper_name,0.0,0.0,1.0,1.0
"97,402,379,319",seg_00697,1,proper_name,0.0,0.0,1.0,1.0
"98,134,261,256,163",seg_00699,1,proper_name,0.0,0.0,1.0,1.0
"98,391",seg_00700,1,proper_name,0.0,0.0,1.0,0.975609756097561
"99,15,293",seg_00701,1,proper_name,0.0,0.0,1.0,1.0
"99,155",seg_00702,1,proper_name,0.0,0.0,1.0,1.0
"99,173",seg_00703,1,proper_name,0.0,0.0,1.0,0.975609756097561
"99,177,186,87",seg_00704,1,proper_name,0.0,0.0,1.0,1.0
"99,180",seg_00705,1,proper_name,0.0,0.0,1.0,1.0
"99,182,336,28",seg_00706,1,proper_name,0.0,0.0,1.0,1.0
"99,19,96,409",seg_00707,1,proper_name,0.0,0.0,1.0,1.0
"99,206,341",seg_00708,1,proper_name,0.0,0.0,1.0,1.0
"99,214",seg_00709,1,proper_name,0.0,0.0,1.0,1.0
"99,25",seg_00712,1,proper_name,0.0,0.0,1.0,1.0
"99,267,146",seg_00714,1,proper_name,0.0,0.0,1.0,1.0
"99,267,150,214",seg_00715,1,proper_name,0.0,0.0,1.0,1.0
"99,267,309,341",seg_00717,1,proper_name,0.0,0.0,1.0,1.0
"99,267,417",seg_00719,1,proper_name,0.0,0.0,1.0,1.0
"99,267,83,319",seg_00720,1,proper_name,0.0,0.0,1.0,1.0
"99,286",seg_00722,1,proper_name,0.0,0.0,1.0,1.0
"99,3,89",seg_00723,1,proper_name,0.0,0.0,1.0,1.0
"99,302,403",seg_00724,1,proper_name,0.0,0.0,1.0,1.0
"99,303,17",seg_00725,1,proper_name,0.0,0.0,1.0,1.0
"99,32,319",seg_00726,1,proper_name,0.0,0.0,1.0,1.0
"99,322,87",seg_00727,1,proper_name,0.0,0.0,1.0,1.0
"99,327,326,336,244",seg_00728,1,proper_name,0.0,0.0,1.0,1.0
"99,329,204",seg_00729,1,proper_name,0.0,0.0,1.0,1.0
"99,341,345",seg_00730,1,proper_name,0.0,0.0,1.0,1.0
"99,395",seg_00732,1,proper_name,0.0,0.0,1.0,1.0
"99,4",seg_00735,1,proper_name,0.0,0.0,1.0,1.0
"99,400,197",seg_00736,1,proper_name,0.0,0.0,1.0,1.0
"99,400,403",seg_00737,1,proper_name,0.0,0.0,1.0,1.0
"99,64,336",seg_00741,1,proper_name,0.0,0.0,1.0,1.0
"99,64,76",seg_00742,1,proper_name,0.0,0.0,1.0,1.0
"99,81,233",seg_00743,1,proper_name,0.0,0.0,1.0,1.0
"110,204",seg_00126,1,title,0.0,1.0,3.3330390372719727e-31,1.0
127,seg_00147,1,title,0.0,1.0,6.926772133249024e-32,1.0
"127,59,87,343",seg_00148,1,title,0.0,1.0,7.579419720619032e-31,1.0
"127,72",seg_00149,1,title,0.0,1.0,3.4872524920484455e-31,1.0
"128,327,89,336",seg_00152,1,title,0.0,1.0,7.008866445529407e-32,1.0
"128,343",seg_00153,1,title,0.0,1.0,5.083692717890507e-31,1.0
"130,3",seg_00154,1,title,0.0,1.0,9.755036328635041e-32,1.0
"135,121",seg_00157,1,title,0.0,1.0,3.0077366413463817e-30,1.0
"135,67",seg_00158,1,title,0.0,1.0,3.4872524920484455e-31,1.0
"135,89,336",seg_00159,1,title,0.0,1.0,4.42320126629247e-31,1.0
"149,130,51,387",seg_00167,1,title,0.0,1.0,1.4000402184853355e-31,1.0
"149,130,51,59,87",seg_00168,1,title,0.0,1.0,6.2912840412357646e-30,1.0
"149,130,51,59,87,389",seg_00169,1,title,0.0,1.0,1.9949048721147965e-29,1.0
"149,130,51,98",seg_00171,1,title,0.0,1.0,7.139429325286722e-31,1.0
"153,153",seg_00176,1,title,0.0,1.0,3.4872524920484455e-31,1.0
"162,249,343",seg_00187,1,title,0.0,1.0,5.323701483965135e-31,1.0
"162,249,65",seg_00192,1,title,0.0,1.0,3.2679064424932968e-31,1.0
"162,249,67,343",seg_00193,1,title,0.0,1.0,5.436752906425474e-31,1.0
"162,249,70",seg_00194,1,title,0.0,1.0,1.5342196629415464e-30,1.0
"162,249,87",seg_00196,1,title,0.0,1.0,4.489898373296454e-31,1.0
"162,249,98",seg_00197,1,title,0.0,1.0,4.384277022788584e-32,1.0
"169,249",seg_00216,1,title,0.0,1.0,4.720092178324929e-31,1.0
"169,249,343",seg_00218,1,title,0.0,1.0,4.07419320923092e-31,1.0
"169,249,360,89,336",seg_00219,1,title,0.0,1.0,3.610482736998156e-31,1.0
"169,249,389",seg_00220,1,title,0.0,1.0,2.8701587405862504e-32,1.0
"169,249,59",seg_00221,1,title,0.0,1.0,4.627854479416763e-31,1.0
"169,249,59,102",seg_00222,1,title,0.0,1.0,5.196328546452214e-31,1.0
"169,249,72,70",seg_00224,1,title,0.0,1.0,5.436752906425474e-31,1.0
"169,249,89,336",seg_00226,1,title,0.0,1.0,2.051673773106958e-30,1.0
"17,100,343",seg_00231,1,title,0.0,1.0,4.984349717682301e-31,1.0
"171,153,153",seg_00234,1,title,0.0,1.0,1.5856306453305215e-30,1.0
"171,53,386,99",seg_00237,1,title,0.0,1.0,1.8413164043569636e-30,1.0
"171,65,387",seg_00240,1,title,0.0,1.0,1.0066243545896525e-30,1.0
173,seg_00241,1,title,0.0,1.0,5.51554848628588e-30,1.0
"173,343",seg_00242,1,title,0.0,1.0,5.083692717890507e-31,1.0
"176,212,99",seg_00254,1,title,0.0,1.0,3.760827058773959e-30,1.0
180,seg_00262,1,title,0.0,1.0,2.790006959371076e-30,1.0
"180,403",seg_00270,1,title,0.0,1.0,6.293721822382882e-35,1.0
186,seg_00274,1,title,0.0,1.0,5.134051758478946e-29,1.0
"192,72",seg_00279,1,title,0.0,1.0,3.3330390372719727e-31,1.0
"193,136,343",seg_00281,1,title,0.0,1.0,4.984349717682301e-31,1.0
"193,136,86",seg_00282,1,title,0.0,1.0,3.4191063344680092e-31,1.0
"193,48,99",seg_00284,1,title,0.0,1.0,3.4191063344680092e-31,1.0
"193,99",seg_00285,1,title,0.0,1.0,3.4872524920484455e-31,1.0
"194,112",seg_00286,1,title,0.0,1.0,6.419988579440815e-31,1.0
"194,112,89,336,387",seg_00288,1,title,0.0,1.0,2.5239435281283666e-31,1.0
"194,112,99",seg_00289,1,title,0.0,1.0,3.9332052352985106e-31,0.975609756097561
"194,287,100",seg_00292,1,title,0.0,1.0,2.8701587405862504e-32,1.0
"194,53",seg_00294,1,title,0.0,1.0,3.4872524920484455e-31,1.0
"194,67",seg_00296,1,title,0.0,1.0,7.211958811769781e-31,1.0
"197,112,123",seg_00297,1,title,0.0,1.0,3.4191063344680092e-31,1.0
"197,112,293,182,53",seg_00299,1,title,0.0,1.0,1.1100313581336227e-29,1.0
"197,112,59",seg_00300,1,title,0.0,1.0,4.489898373296454e-31,1.0
"197,112,67,389",seg_00301,1,title,0.0,1.0,3.7275052646058445e-30,1.0
"197,112,72,53",seg_00302,1,title,0.0,1.0,5.196328546452214e-31,1.0
"197,112,99",seg_00303,1,title,0.0,1.0,3.9332052352985106e-31,1.0
"201,150,87",seg_00304,1,title,0.0,1.0,1.2332136583045327e-30,1.0
"211,65",seg_00316,1,title,0.0,1.0,5.043263236215903e-30,1.0
"211,67,389",seg_00318,1,title,0.0,1.0,3.895636039136323e-30,1.0
"211,69,389",seg_00320,1,title,0.0,1.0,3.3748580048122394e-30,1.0
214,seg_00326,1,title,0.0,1.0,4.842228302985645e-32,1.0
"214,175",seg_00327,1,title,0.0,1.0,2.927363831824598e-32,1.0
"219,72",seg_00329,1,title,0.0,1.0,2.927363831824598e-32,1.0
"224,72",seg_00332,1,title,0.0,1.0,3.4872524920484455e-31,1.0
"226,59",seg_00333,1,title,0.0,1.0,6.8404722672099045e-31,1.0
"230,123,402",seg_00334,1,title,0.0,1.0,4.293122347620627e-30,1.0
"230,204,86",seg_00337,1,title,0.0,1.0,2.8701587405862504e-32,1.0
"230,253,343",seg_00340,1,title,0.0,1.0,3.4191063344680092e-31,1.0
"230,253,65",seg_00342,1,title,0.0,1.0,7.071026291749762e-31,1.0
"230,343",seg_00343,1,title,0.0,1.0,5.083692717890507e-31,0.975609756097561
"233,65,53",seg_00350,1,title,0.0,1.0,5.514532585100959e-31,1.0
"245,205,67",seg_00356,1,title,0.0,1.0,3.2679064424932968e-31,1.0
"245,245,216",seg_00359,1,title,0.0,1.0,1.5615122179027462e-31,1.0
"247,59",seg_00371,1,title,0.0,1.0,4.2640710380744197e-32,1.0
"254,222,72,65,389",seg_00385,1,title,0.0,1.0,9.187556727066557e-30,1.0
"258,112,204",seg_00387,1,title,0.0,1.0,4.07419320923092e-31,1.0
"287,102",seg_00397,1,title,0.0,1.0,3.4872524920484455e-31,0.975609756097561
"287,102,155",seg_00398,1,title,0.0,1.0,2.377496034994851e-31,1.0
"287,102,387",seg_00401,1,title,0.0,1.0,2.8701587405862504e-32,1.0
"287,102,389",seg_00402,1,title,0.0,1.0,3.4191063344680092e-31,1.0
"287,106,99",seg_00404,1,title,0.0,1.0,3.9332052352985106e-31,1.0
"287,373,287,102",seg_00408,1,title,0.0,1.0,7.036285233706499e-30,1.0
"287,373,59",seg_00409,1,title,0.0,1.0,3.4191063344680092e-31,1.0
"292,98",seg_00412,1,title,0.0,1.0,1.557509884024626e-31,1.0
"293,182,72,389",seg_00416,1,title,0.0,1.0,4.5638662119037915e-32,1.0
"294,343",seg_00420,1,title,0.0,1.0,5.083692717890507e-31,1.0
"294,59,87",seg_00421,1,title,0.0,1.0,3.4191063344680092e-31,1.0
"294,59,87,387",seg_00422,1,title,0.0,1.0,2.8598348867524307e-29,1.0
"294,65,343",seg_00423,1,title,0.0,1.0,4.984349717682301e-31,1.0
"294,70",seg_00424,1,title,0.0,1.0,5.352788914069577e-31,1.0
"294,89",seg_00426,1,title,0.0,1.0,3.4872524920484455e-31,1.0
"296,169,124,155,87,343",seg_00427,1,title,0.0,1.0,8.498112918628234e-30,1.0
"296,325,72",seg_00428,1,title,0.0,1.0,5.771952923127653e-31,1.0
"296,59",seg_00431,1,title,0.0,1.0,3.4872524920484455e-31,1.0
"296,59,87",seg_00432,1,title,0.0,1.0,2.8701587405862504e-32,1.0
"296,65",seg_00433,1,title,0.0,1.0,3.4872524920484455e-31,0.975609756097561
"296,67,65",seg_00434,1,title,0.0,1.0,4.384277022788584e-32,1.0
"296,70,59",seg_00436,1,title,0.0,1.0,3.2679064424932968e-31,1.0
"296,72,389",seg_00437,1,title,0.0,1.0,1.9805145769473458e-30,1.0
"296,89,336",seg_00438,1,title,0.0,1.0,5.248187369539968e-31,1.0
"296,98",seg_00439,1,title,0.0,1.0,2.927363831824598e-32,1.0
"326,72",seg_00451,1,title,0.0,1.0,6.115674184525879e-31,0.975609756097561
"326,87",seg_00452,1,title,0.0,1.0,3.3330390372719727e-31,1.0
"326,87,387",seg_00453,1,title,0.0,1.0,2.8701587405862504e-32,1.0
"326,99",seg_00454,1,title,0.0,1.0,3.4872524920484455e-31,1.0
"327,70",seg_00456,1,title,0.0,1.0,6.580317398139238e-31,1.0
"347,153,153,67",seg_00482,1,title,0.0,1.0,5.196328546452214e-31,1.0
"347,155",seg_00483,1,title,0.0,1.0,1.9456016420551225e-30,1.0
"347,155,301,230,204",seg_00485,1,title,0.0,1.0,1.3400511117483264e-30,1.0
"347,165,301,186",seg_00486,1,title,0.0,1.0,4.5638662119037915e-32,1.0
"347,192,59,87",seg_00487,1,title,0.0,1.0,5.196328546452214e-31,0.975609756097561
"347,192,99",seg_00488,1,title,0.0,1.0,5.171351963622711e-31,1.0
"347,245,204",seg_00489,1,title,0.0,1.0,3.2679064424932968e-31,1.0
"347,301,65",seg_00493,1,title,0.0,1.0,4.07419320923092e-31,1.0
"347,403,173",seg_00494,1,title,0.0,1.0,1.2332136583045327e-30,1.0
"347,78,70",seg_00499,1,title,0.0,1.0,3.4191063344680092e-31,1.0
"347,78,99",seg_00500,1,title,0.0,1.0,3.4191063344680092e-31,1.0
"347,89,336,387",seg_00501,1,title,0.0,1.0,4.5638662119037915e-32,1.0
"347,97,72",seg_00503,1,title,0.0,1.0,3.2679064424932968e-31,1.0
"347,98,59",seg_00505,1,title,0.0,1.0,3.4191063344680092e-31,0.975609756097561
"348,70,389",seg_00506,1,title,0.0,1.0,3.2679064424932968e-31,1.0
"348,72,387",seg_00507,1,title,0.0,1.0,3.4191063344680092e-31,1.0
"348,89,336",seg_00508,1,title,0.0,1.0,6.077200960238442e-31,1.0
"358,108,204,60,389",seg_00509,1,title,0.0,1.0,1.1769490586402322e-31,1.0
"359,65",seg_00513,1,title,0.0,1.0,3.3330390372719727e-31,1.0
"367,204",seg_00514,1,title,0.0,1.0,3.3330390372719727e-31,1.0
"375,294,58,244,65",seg_00518,1,title,0.0,1.0,2.1476844341481548e-30,1.0
"375,375",seg_00519,1,title,0.0,1.0,1.1276542166691632e-30,1.0
"38,59,87",seg_00520,1,title,0.0,1.0,3.4191063344680092e-31,1.0
381,seg_00521,1,title,0.0,1.0,1.3705764178895347e-31,1.0
402,seg_00533,1,title,0.0,1.0,5.2827260838892156e-30,1.0
"403,103,86",seg_00541,1,title,0.0,1.0,3.2679064424932968e-31,0.975609756097561
"407,89,336",seg_00544,1,title,0.0,1.0,9.795904877531684e-30,1.0
"415,99",seg_00547,1,title,0.0,1.0,3.4872524920484455e-31,1.0
48,seg_00548,1,title,0.0,1.0,7.807626674249219e-31,1.0
"48,194,336",seg_00550,1,title,0.0,1.0,6.706799152886007e-31,1.0
"48,343",seg_00551,1,title,0.0,1.0,1.1798286588527405e-30,1.0
"48,387",seg_00555,1,title,0.0,1.0,2.7990680503521863e-31,1.0
"48,67",seg_00556,1,title,0.0,1.0,3.4872524920484455e-31,1.0
"48,89",seg_00558,1,title,0.0,1.0,5.053811039995659e-31,1.0
"48,89,336",seg_00559,1,title,0.0,1.0,3.4191063344680092e-31,0.975609756097561
"48,99",seg_00561,1,title,0.0,1.0,7.345451947678943e-30,1.0
"51,293",seg_00563,1,title,0.0,1.0,5.352788914069577e-31,1.0
"51,336,17,102",seg_00564,1,title,0.0,1.0,5.196328546452214e-31,1.0
"51,375",seg_00565,1,title,0.0,1.0,2.9169162897866813e-31,1.0
"53,102",seg_00567,1,title,0.0,1.0,3.4872524920484455e-31,1.0
"54,326,87",seg_00570,1,title,0.0,1.0,3.2692592555539064e-30,1.0
"57,87",seg_00572,1,title,0.0,1.0,3.4872524920484455e-31,1.0
"58,244",seg_00574,1,title,0.0,1.0,1.5465900273648598e-30,1.0
"58,244,65",seg_00575,1,title,0.0,1.0,2.7443700516060494e-31,1.0
"58,332,87",seg_00576,1,title,0.0,1.0,3.2236096097451724e-32,1.0
"59,105,99",seg_00579,1,title,0.0,1.0,1.3307061270544842e-30,1.0
"59,109,99",seg_00581,1,title,0.0,1.0,1.1567730327151539e-30,1.0
"59,125,53,216",seg_00586,1,title,0.0,1.0,5.980126220769898e-30,1.0
"59,87,53",seg_00593,1,title,0.0,1.0,2.6033574171694013e-35,1.0
"62,65",seg_00596,1,title,0.0,1.0,3.3330390372719727e-31,1.0
"62,70",seg_00597,1,title,0.0,1.0,1.1798286588527574e-30,1.0
"65,387",seg_00600,1,title,0.0,1.0,1.2583135090749384e-29,1.0
"67,72,65",seg_00610,1,title,0.0,1.0,1.558779469338826e-31,1.0
"67,89,336",seg_00611,1,title,0.0,1.0,3.093198366310471e-31,1.0
"70,65",seg_00614,1,title,0.0,1.0,3.634967112788428e-30,1.0
"72,343",seg_00617,1,title,0.0,1.0,1.8343607861758552e-29,1.0
"72,389",seg_00620,1,title,0.0,1.0,1.2583135090749384e-29,1.0
"72,53",seg_00621,1,title,0.0,1.0,2.1312136206910778e-30,1.0
"72,53,387",seg_00622,1,title,0.0,1.0,1.26316217709059e-29,1.0
"72,70",seg_00625,1,title,0.0,1.0,3.18696397707068e-30,1.0
"8,171,155,87",seg_00627,1,title,0.0,1.0,4.5638662119037915e-32,1.0
"8,171,343",seg_00629,1,title,0.0,1.0,3.895636039136378e-30,1.0
"8,171,345",seg_00630,1,title,0.0,1.0,4.984349717682301e-31,1.0
"8,171,53",seg_00631,1,title,0.0,1.0,6.706799152886007e-31,0.975609756097561
"8,389,178,67,389",seg_00637,1,title,0.0,1.0,2.031888923885871e-30,1.0
"8,48,99",seg_00642,1,title,0.0,1.0,3.4191063344680092e-31,1.0
"8,53",seg_00644,1,title,0.0,1.0,1.5465900273648598e-30,1.0
"8,65",seg_00646,1,title,0.0,1.0,4.720092178324996e-31,1.0
"8,67,72",seg_00649,1,title,0.0,1.0,3.2679064424932968e-31,0.975609756097561
"8,72",seg_00650,1,title,0.0,1.0,1.5465900273648598e-30,1.0
"8,9,99",seg_00651,1,title,0.0,1.0,1.2902721375476475e-30,1.0
"81,253,72",seg_00654,1,title,0.0,1.0,4.384277022788584e-32,1.0
"81,385,375",seg_00656,1,title,0.0,1.0,5.248187369539968e-31,1.0
"86,206,65",seg_00660,1,title,0.0,1.0,4.984349717682301e-31,1.0
"87,403,343",seg_00671,1,title,0.0,1.0,4.984349717682301e-31,1.0
"87,403,65",seg_00673,1,title,0.0,1.0,3.2679064424932968e-31,1.0
"87,403,72",seg_00674,1,title,0.0,1.0,1.9075816603100206e-30,1.0
"89,336,65,389",seg_00679,1,title,0.0,1.0,5.1984796671310224e-30,1.0
"89,89",seg_00681,1,title,0.0,1.0,3.3344188132296045e-30,1.0
"9,296,67",seg_00683,1,title,0.0,1.0,1.2332136583045327e-30,1.0
"9,99",seg_00685,1,title,0.0,1.0,1.3572284111125542e-30,0.975609756097561
"96,409,124,86",seg_00688,1,title,0.0,1.0,1.8393956000398167e-30,1.0
"97,127,59",seg_00691,1,title,0.0,1.0,3.895636039136323e-30,1.0
"99,267,202",seg_00716,1,title,0.0,1.0,1.3762325658638418e-28,1.0
"99,395,59,86",seg_00734,1,title,0.0,1.0,2.7476738063976148e-30,1.0
